id,direccion,comuna,latitud,longitud,origen_coordenadas,tipo_coordenada
29,CL 18 X AV 2N Y 3N,2,3.4568609,-76.5317365,Validacion_visual_OSM,VERIFICADA_PENDIENTE_REVISION
50,CL 38A X AV 3N,2,3.4670000,-76.5210000,Simulacion,SIMULADA
54,CL 44 X AV 3N,2,3.4680000,-76.5200000,Simulacion,SIMULADA
67,CL 52 X AV 3N,2,3.4690000,-76.5190000,Simulacion,SIMULADA
70,CL 55 X AV 3N,2,3.4700000,-76.5180000,Simulacion,SIMULADA
77,CL 69 X AV 3N,2,3.4710000,-76.5170000,Simulacion,SIMULADA
79,CL 70 X AV 2FN,2,3.4720000,-76.5160000,Simulacion,SIMULADA
55,CL 44 X KR 15,8,3.4520000,-76.4980000,Simulacion,SIMULADA
30,CL 18 X KR 15,9,3.4530000,-76.5210000,Simulacion,SIMULADA
