id,direccion,comuna,latitud,longitud,direccion_encontrada,estado_geocodificacion,fuente
29,CL 18 X AV 2N Y 3N,2,3.4108435,-76.5812127,"Cali, Sur, Valle del Cauca, RAP Pacífico, Colombia",REVISAR_RESULTADO,OpenStreetMap Nominatim
50,CL 38A X AV 3N,2,3.4108435,-76.5812127,"Cali, Sur, Valle del Cauca, RAP Pacífico, Colombia",REVISAR_RESULTADO,OpenStreetMap Nominatim
54,CL 44 X AV 3N,2,3.4108435,-76.5812127,"Cali, Sur, Valle del Cauca, RAP Pacífico, Colombia",REVISAR_RESULTADO,OpenStreetMap Nominatim
67,CL 52 X AV 3N,2,3.4108435,-76.5812127,"Cali, Sur, Valle del Cauca, RAP Pacífico, Colombia",REVISAR_RESULTADO,OpenStreetMap Nominatim
70,CL 55 X AV 3N,2,3.4108435,-76.5812127,"Cali, Sur, Valle del Cauca, RAP Pacífico, Colombia",REVISAR_RESULTADO,OpenStreetMap Nominatim
77,CL 69 X AV 3N,2,3.4108435,-76.5812127,"Cali, Sur, Valle del Cauca, RAP Pacífico, Colombia",REVISAR_RESULTADO,OpenStreetMap Nominatim
79,CL 70 X AV 2FN,2,3.4108435,-76.5812127,"Cali, Sur, Valle del Cauca, RAP Pacífico, Colombia",REVISAR_RESULTADO,OpenStreetMap Nominatim
88,CL 22 X AV 4N,2,3.4108435,-76.5812127,"Cali, Sur, Valle del Cauca, RAP Pacífico, Colombia",REVISAR_RESULTADO,OpenStreetMap Nominatim
89,CL 22 X AV 3N,2,3.4108435,-76.5812127,"Cali, Sur, Valle del Cauca, RAP Pacífico, Colombia",REVISAR_RESULTADO,OpenStreetMap Nominatim
90,CL 23A X AV 3N,2,3.4108435,-76.5812127,"Cali, Sur, Valle del Cauca, RAP Pacífico, Colombia",REVISAR_RESULTADO,OpenStreetMap Nominatim
97,CL 21 X AV 4N,2,3.4108435,-76.5812127,"Cali, Sur, Valle del Cauca, RAP Pacífico, Colombia",REVISAR_RESULTADO,OpenStreetMap Nominatim
98,CL 21 X AV 3N,2,3.4108435,-76.5812127,"Cali, Sur, Valle del Cauca, RAP Pacífico, Colombia",REVISAR_RESULTADO,OpenStreetMap Nominatim
104,CL 21 X AV 2N,2,3.4108435,-76.5812127,"Cali, Sur, Valle del Cauca, RAP Pacífico, Colombia",REVISAR_RESULTADO,OpenStreetMap Nominatim
105,CL 21 X CR 4N,2,3.4108435,-76.5812127,"Cali, Sur, Valle del Cauca, RAP Pacífico, Colombia",REVISAR_RESULTADO,OpenStreetMap Nominatim
106,CL 25 X AV 3N,2,3.4108435,-76.5812127,"Cali, Sur, Valle del Cauca, RAP Pacífico, Colombia",REVISAR_RESULTADO,OpenStreetMap Nominatim
107,CL 25 PEATONAL,2,3.4218176,-76.5361239,"Entrada peatonal sur canchas panamericanas, Champagnat, Comuna 19, Cali ciudad, Cali, Sur, Valle del Cauca, RAP Pacífico, 760041, Colombia",REVISAR_RESULTADO,OpenStreetMap Nominatim
114,CL 13N X AV 8N,2,3.4108435,-76.5812127,"Cali, Sur, Valle del Cauca, RAP Pacífico, Colombia",REVISAR_RESULTADO,OpenStreetMap Nominatim
120,CL 17N X AV 8N,2,3.4108435,-76.5812127,"Cali, Sur, Valle del Cauca, RAP Pacífico, Colombia",REVISAR_RESULTADO,OpenStreetMap Nominatim
121,CL 18N X AV 8N,2,3.4108435,-76.5812127,"Cali, Sur, Valle del Cauca, RAP Pacífico, Colombia",REVISAR_RESULTADO,OpenStreetMap Nominatim
123,CL 21 X AV 8N,2,3.4108435,-76.5812127,"Cali, Sur, Valle del Cauca, RAP Pacífico, Colombia",REVISAR_RESULTADO,OpenStreetMap Nominatim
126,CL 23A X AV 4N,2,3.4108435,-76.5812127,"Cali, Sur, Valle del Cauca, RAP Pacífico, Colombia",REVISAR_RESULTADO,OpenStreetMap Nominatim
129,CL 23D X AV 5AN,2,3.4108435,-76.5812127,"Cali, Sur, Valle del Cauca, RAP Pacífico, Colombia",REVISAR_RESULTADO,OpenStreetMap Nominatim
130,CL 23D X AV 5N,2,3.4108435,-76.5812127,"Cali, Sur, Valle del Cauca, RAP Pacífico, Colombia",REVISAR_RESULTADO,OpenStreetMap Nominatim
131,CL 29N X AV 6AN,2,3.4108435,-76.5812127,"Cali, Sur, Valle del Cauca, RAP Pacífico, Colombia",REVISAR_RESULTADO,OpenStreetMap Nominatim
132,C2 K1,2,,,,SIN_RESULTADO,OpenStreetMap Nominatim
140,CL 5O X KR 1,2,3.4108435,-76.5812127,"Cali, Sur, Valle del Cauca, RAP Pacífico, Colombia",REVISAR_RESULTADO,OpenStreetMap Nominatim
165,CL 15N X AV 8N,2,3.4108435,-76.5812127,"Cali, Sur, Valle del Cauca, RAP Pacífico, Colombia",REVISAR_RESULTADO,OpenStreetMap Nominatim
176,CL 26N X AV 2BN,2,3.4108435,-76.5812127,"Cali, Sur, Valle del Cauca, RAP Pacífico, Colombia",REVISAR_RESULTADO,OpenStreetMap Nominatim
227,CL 73 X KR 8,7,3.4108435,-76.5812127,"Cali, Sur, Valle del Cauca, RAP Pacífico, Colombia",REVISAR_RESULTADO,OpenStreetMap Nominatim
231,CL 73 X KR 20,7,3.4108435,-76.5812127,"Cali, Sur, Valle del Cauca, RAP Pacífico, Colombia",REVISAR_RESULTADO,OpenStreetMap Nominatim
232,CL 73 X KR 19,7,3.4108435,-76.5812127,"Cali, Sur, Valle del Cauca, RAP Pacífico, Colombia",REVISAR_RESULTADO,OpenStreetMap Nominatim
270,CL 73 X KR 7H Bis,7,3.4108435,-76.5812127,"Cali, Sur, Valle del Cauca, RAP Pacífico, Colombia",REVISAR_RESULTADO,OpenStreetMap Nominatim
420,CL 70 X KR 7L BIS,7,3.4108435,-76.5812127,"Cali, Sur, Valle del Cauca, RAP Pacífico, Colombia",REVISAR_RESULTADO,OpenStreetMap Nominatim
424,CL 73 X KR 7C,7,3.4108435,-76.5812127,"Cali, Sur, Valle del Cauca, RAP Pacífico, Colombia",REVISAR_RESULTADO,OpenStreetMap Nominatim
427,CL 73 X KR 7M Bis,7,3.4108435,-76.5812127,"Cali, Sur, Valle del Cauca, RAP Pacífico, Colombia",REVISAR_RESULTADO,OpenStreetMap Nominatim
430,CL 76 X KR 7L,7,3.4108435,-76.5812127,"Cali, Sur, Valle del Cauca, RAP Pacífico, Colombia",REVISAR_RESULTADO,OpenStreetMap Nominatim
467,CL 70 X KR 7C,7,3.4108435,-76.5812127,"Cali, Sur, Valle del Cauca, RAP Pacífico, Colombia",REVISAR_RESULTADO,OpenStreetMap Nominatim
477,CL 73 X DIAG 15,7,,,,SIN_RESULTADO,OpenStreetMap Nominatim
478,CL 74 X DIAG 15,7,,,,SIN_RESULTADO,OpenStreetMap Nominatim
494,CL 70 X KR 7,7,3.4108435,-76.5812127,"Cali, Sur, Valle del Cauca, RAP Pacífico, Colombia",REVISAR_RESULTADO,OpenStreetMap Nominatim
495,CL 70 X KR 7H Bis y 7J,7,3.4108435,-76.5812127,"Cali, Sur, Valle del Cauca, RAP Pacífico, Colombia",REVISAR_RESULTADO,OpenStreetMap Nominatim
496,CL 70 X KR 7R Bis,7,3.4108435,-76.5812127,"Cali, Sur, Valle del Cauca, RAP Pacífico, Colombia",REVISAR_RESULTADO,OpenStreetMap Nominatim
497,CL 70 X KR 11C,7,3.4108435,-76.5812127,"Cali, Sur, Valle del Cauca, RAP Pacífico, Colombia",REVISAR_RESULTADO,OpenStreetMap Nominatim
498,CL 70 X DG 13,7,3.4108435,-76.5812127,"Cali, Sur, Valle del Cauca, RAP Pacífico, Colombia",REVISAR_RESULTADO,OpenStreetMap Nominatim
499,Cl 70 X K23,7,,,,SIN_RESULTADO,OpenStreetMap Nominatim
515,CL 73 X KR 9A,7,3.4108435,-76.5812127,"Cali, Sur, Valle del Cauca, RAP Pacífico, Colombia",REVISAR_RESULTADO,OpenStreetMap Nominatim
40,CL 30 X KR 15,8,3.4108435,-76.5812127,"Cali, Sur, Valle del Cauca, RAP Pacífico, Colombia",REVISAR_RESULTADO,OpenStreetMap Nominatim
45,CL 33A X KR 12,8,3.4108435,-76.5812127,"Cali, Sur, Valle del Cauca, RAP Pacífico, Colombia",REVISAR_RESULTADO,OpenStreetMap Nominatim
46,CL 33A X KR 15,8,3.4108435,-76.5812127,"Cali, Sur, Valle del Cauca, RAP Pacífico, Colombia",REVISAR_RESULTADO,OpenStreetMap Nominatim
47,CL 34 X KR 15,8,3.4108435,-76.5812127,"Cali, Sur, Valle del Cauca, RAP Pacífico, Colombia",REVISAR_RESULTADO,OpenStreetMap Nominatim
51,CL 39 X KR 15,8,3.4108435,-76.5812127,"Cali, Sur, Valle del Cauca, RAP Pacífico, Colombia",REVISAR_RESULTADO,OpenStreetMap Nominatim
55,CL 44 X KR 15,8,3.4108435,-76.5812127,"Cali, Sur, Valle del Cauca, RAP Pacífico, Colombia",REVISAR_RESULTADO,OpenStreetMap Nominatim
69,CL 52 X KR 15,8,3.4108435,-76.5812127,"Cali, Sur, Valle del Cauca, RAP Pacífico, Colombia",REVISAR_RESULTADO,OpenStreetMap Nominatim
73,CL 59 X KR 15,8,3.4108435,-76.5812127,"Cali, Sur, Valle del Cauca, RAP Pacífico, Colombia",REVISAR_RESULTADO,OpenStreetMap Nominatim
74,CL 58 X KR 15,8,3.4108435,-76.5812127,"Cali, Sur, Valle del Cauca, RAP Pacífico, Colombia",REVISAR_RESULTADO,OpenStreetMap Nominatim
75,CL 60 X KR 23,8,3.4108435,-76.5812127,"Cali, Sur, Valle del Cauca, RAP Pacífico, Colombia",REVISAR_RESULTADO,OpenStreetMap Nominatim
141,CL 52 X KR 12,8,3.4108435,-76.5812127,"Cali, Sur, Valle del Cauca, RAP Pacífico, Colombia",REVISAR_RESULTADO,OpenStreetMap Nominatim
193,CL 33A KR 10,8,3.4555289,-76.5127007,"Calle 33A, Industrial, Comuna 8, Cali ciudad, Cali, Sur, Valle del Cauca, RAP Pacífico, 760003, Colombia",REVISAR_RESULTADO,OpenStreetMap Nominatim
194,CL 34 X KR 10,8,3.4108435,-76.5812127,"Cali, Sur, Valle del Cauca, RAP Pacífico, Colombia",REVISAR_RESULTADO,OpenStreetMap Nominatim
197,CL 39 X KR 12,8,3.4108435,-76.5812127,"Cali, Sur, Valle del Cauca, RAP Pacífico, Colombia",REVISAR_RESULTADO,OpenStreetMap Nominatim
242,DG 19 X CL 30,8,3.4108435,-76.5812127,"Cali, Sur, Valle del Cauca, RAP Pacífico, Colombia",REVISAR_RESULTADO,OpenStreetMap Nominatim
243,DG 19 X TV 29,8,3.4108435,-76.5812127,"Cali, Sur, Valle del Cauca, RAP Pacífico, Colombia",REVISAR_RESULTADO,OpenStreetMap Nominatim
284,CL 34 X KR 12,8,3.4108435,-76.5812127,"Cali, Sur, Valle del Cauca, RAP Pacífico, Colombia",REVISAR_RESULTADO,OpenStreetMap Nominatim
294,CL 44 X KR 12,8,3.4108435,-76.5812127,"Cali, Sur, Valle del Cauca, RAP Pacífico, Colombia",REVISAR_RESULTADO,OpenStreetMap Nominatim
304,CL 52 X KR 8,8,3.4108435,-76.5812127,"Cali, Sur, Valle del Cauca, RAP Pacífico, Colombia",REVISAR_RESULTADO,OpenStreetMap Nominatim
372,CL 31 X KR 8,8,3.4108435,-76.5812127,"Cali, Sur, Valle del Cauca, RAP Pacífico, Colombia",REVISAR_RESULTADO,OpenStreetMap Nominatim
373,CL 34 X KR 8,8,3.4108435,-76.5812127,"Cali, Sur, Valle del Cauca, RAP Pacífico, Colombia",REVISAR_RESULTADO,OpenStreetMap Nominatim
379,CL 39 X KR 8,8,3.4108435,-76.5812127,"Cali, Sur, Valle del Cauca, RAP Pacífico, Colombia",REVISAR_RESULTADO,OpenStreetMap Nominatim
383,CL 44 X KR 8,8,3.4108435,-76.5812127,"Cali, Sur, Valle del Cauca, RAP Pacífico, Colombia",REVISAR_RESULTADO,OpenStreetMap Nominatim
385,CL 47 X KR 8,8,3.4108435,-76.5812127,"Cali, Sur, Valle del Cauca, RAP Pacífico, Colombia",REVISAR_RESULTADO,OpenStreetMap Nominatim
391,CL 52 X KR 23,8,3.4108435,-76.5812127,"Cali, Sur, Valle del Cauca, RAP Pacífico, Colombia",REVISAR_RESULTADO,OpenStreetMap Nominatim
396,CL 54 X KR 8,8,3.4108435,-76.5812127,"Cali, Sur, Valle del Cauca, RAP Pacífico, Colombia",REVISAR_RESULTADO,OpenStreetMap Nominatim
397,CL 59 X KR 8,8,3.4108435,-76.5812127,"Cali, Sur, Valle del Cauca, RAP Pacífico, Colombia",REVISAR_RESULTADO,OpenStreetMap Nominatim
407,CL 63 X KR 8,8,3.4108435,-76.5812127,"Cali, Sur, Valle del Cauca, RAP Pacífico, Colombia",REVISAR_RESULTADO,OpenStreetMap Nominatim
514,CL 26 X KR8,8,,,,SIN_RESULTADO,OpenStreetMap Nominatim
18,CL 15 X KR 15,9,3.4108435,-76.5812127,"Cali, Sur, Valle del Cauca, RAP Pacífico, Colombia",REVISAR_RESULTADO,OpenStreetMap Nominatim
30,CL 18 X KR 15,9,3.4108435,-76.5812127,"Cali, Sur, Valle del Cauca, RAP Pacífico, Colombia",REVISAR_RESULTADO,OpenStreetMap Nominatim
