id,direccion,comuna,estado,origen
29,CL 18 X AV 2N Y 3N,2,Operativo,Real
50,CL 38A X AV 3N,2,Operativo,Real
54,CL 44 X AV 3N,2,Operativo,Real
67,CL 52 X AV 3N,2,Operativo,Real
70,CL 55 X AV 3N,2,Operativo,Real
77,CL 69 X AV 3N,2,Operativo,Real
79,CL 70 X AV 2FN,2,Operativo,Real
88,CL 22 X AV 4N,2,Operativo,Real
89,CL 22 X AV 3N,2,Operativo,Real
90,CL 23A X AV 3N,2,Operativo,Real
97,CL 21 X AV 4N,2,Operativo,Real
98,CL 21 X AV 3N,2,Operativo,Real
104,CL 21 X AV 2N,2,Operativo,Real
105,CL 21 X CR 4N,2,Operativo,Real
106,CL 25 X AV 3N,2,Operativo,Real
107,CL 25 PEATONAL,2,Operativo,Real
114,CL 13N X AV 8N,2,Operativo,Real
120,CL 17N X AV 8N,2,Operativo,Real
121,CL 18N X AV 8N,2,Operativo,Real
123,CL 21 X AV 8N,2,Operativo,Real
126,CL 23A X AV 4N,2,Operativo,Real
129,CL 23D X AV 5AN,2,Operativo,Real
130,CL 23D X AV 5N,2,Operativo,Real
131,CL 29N X AV 6AN,2,Operativo,Real
132,C2 K1,2,Operativo,Real
140,CL 5O X KR 1,2,Operativo,Real
165,CL 15N X AV 8N,2,Operativo,Real
176,CL 26N X AV 2BN,2,Operativo,Real
227,CL 73 X KR 8,7,Operativo,Real
231,CL 73 X KR 20,7,Operativo,Real
232,CL 73 X KR 19,7,Operativo,Real
270,CL 73 X KR 7H Bis,7,Operativo,Real
420,CL 70 X KR 7L BIS,7,Operativo,Real
424,CL 73 X KR 7C,7,Operativo,Real
427,CL 73 X KR 7M Bis,7,Operativo,Real
430,CL 76 X KR 7L,7,Operativo,Real
467,CL 70 X KR 7C,7,Operativo,Real
477,CL 73 X DIAG 15,7,Operativo,Real
478,CL 74 X DIAG 15,7,Operativo,Real
494,CL 70 X KR 7,7,Operativo,Real
495,CL 70 X KR 7H Bis y 7J,7,Operativo,Real
496,CL 70 X KR 7R Bis,7,Operativo,Real
497,CL 70 X KR 11C,7,Operativo,Real
498,CL 70 X DG 13,7,Operativo,Real
499,Cl 70 X K23,7,Operativo,Real
515,CL 73 X KR 9A,7,Operativo,Real
40,CL 30 X KR 15,8,Operativo,Real
45,CL 33A X KR 12,8,Operativo,Real
46,CL 33A X KR 15,8,Operativo,Real
47,CL 34 X KR 15,8,Operativo,Real
51,CL 39 X KR 15,8,Operativo,Real
55,CL 44 X KR 15,8,Operativo,Real
69,CL 52 X KR 15,8,Operativo,Real
73,CL 59 X KR 15,8,Operativo,Real
74,CL 58 X KR 15,8,Operativo,Real
75,CL 60 X KR 23,8,Operativo,Real
141,CL 52 X KR 12,8,Operativo,Real
193,CL 33A KR 10,8,Operativo,Real
194,CL 34 X KR 10,8,Operativo,Real
197,CL 39 X KR 12,8,Operativo,Real
242,DG 19 X CL 30,8,Operativo,Real
243,DG 19 X TV 29,8,Operativo,Real
284,CL 34 X KR 12,8,Operativo,Real
294,CL 44 X KR 12,8,Operativo,Real
304,CL 52 X KR 8,8,Operativo,Real
372,CL 31 X KR 8,8,Operativo,Real
373,CL 34 X KR 8,8,Operativo,Real
379,CL 39 X KR 8,8,Operativo,Real
383,CL 44 X KR 8,8,Operativo,Real
385,CL 47 X KR 8,8,Operativo,Real
391,CL 52 X KR 23,8,Operativo,Real
396,CL 54 X KR 8,8,Operativo,Real
397,CL 59 X KR 8,8,Operativo,Real
407,CL 63 X KR 8,8,Operativo,Real
514,CL 26 X KR8,8,Operativo,Real
18,CL 15 X KR 15,9,Operativo,Real
30,CL 18 X KR 15,9,Operativo,Real