vehiculo_id,fecha_hora,latitud,longitud,velocidad_kmh,combustible_pct,origen
BUS_001,2026-10-08T08:00:00,3.4552292,-76.5457767,20.1,79.88,Simulado
BUS_001,2026-10-08T08:01:00,3.4560136,-76.5466029,42.2,79.64,Simulado
BUS_001,2026-10-08T08:02:00,3.4550732,-76.5471656,28.2,79.47,Simulado
BUS_001,2026-10-08T08:03:00,3.4541263,-76.5477679,32.8,79.28,Simulado
BUS_001,2026-10-08T08:04:00,3.4542161,-76.548327,40.7,79.04,Simulado
BUS_001,2026-10-08T08:05:00,3.454835,-76.549314,37.4,78.83,Simulado
BUS_001,2026-10-08T08:06:00,3.4552313,-76.5496335,49.3,78.54,Simulado
BUS_001,2026-10-08T08:07:00,3.4561457,-76.5499603,13.6,78.46,Simulado
BUS_001,2026-10-08T08:08:00,3.4553391,-76.5492653,10.1,78.4,Simulado
BUS_001,2026-10-08T08:09:00,3.4559534,-76.5488059,38.2,78.18,Simulado
TAXI_001,2026-10-08T08:00:00,3.4527909,-76.5171477,25.8,64.96,Simulado
TAXI_001,2026-10-08T08:01:00,3.4535143,-76.516993,39.0,64.9,Simulado
TAXI_001,2026-10-08T08:02:00,3.452606,-76.5175372,43.8,64.84,Simulado
TAXI_001,2026-10-08T08:03:00,3.4517656,-76.5180716,20.9,64.81,Simulado
TAXI_001,2026-10-08T08:04:00,3.4513215,-76.5178003,10.6,64.79,Simulado
TAXI_001,2026-10-08T08:05:00,3.4510619,-76.5183813,25.1,64.75,Simulado
TAXI_001,2026-10-08T08:06:00,3.4519352,-76.5180852,19.7,64.72,Simulado
TAXI_001,2026-10-08T08:07:00,3.4512775,-76.5176269,38.5,64.66,Simulado
TAXI_001,2026-10-08T08:08:00,3.4510364,-76.5166479,14.0,64.64,Simulado
TAXI_001,2026-10-08T08:09:00,3.4511503,-76.5162787,40.2,64.58,Simulado
MOTO_001,2026-10-08T08:00:00,3.4609498,-76.5240891,17.6,69.99,Simulado
MOTO_001,2026-10-08T08:01:00,3.4603717,-76.5232033,19.7,69.98,Simulado
MOTO_001,2026-10-08T08:02:00,3.4600011,-76.5228924,53.2,69.95,Simulado
MOTO_001,2026-10-08T08:03:00,3.4608302,-76.5229747,26.8,69.93,Simulado
MOTO_001,2026-10-08T08:04:00,3.4603234,-76.522852,19.6,69.92,Simulado
MOTO_001,2026-10-08T08:05:00,3.4604926,-76.5220563,19.5,69.91,Simulado
MOTO_001,2026-10-08T08:06:00,3.4599312,-76.5210612,27.0,69.89,Simulado
MOTO_001,2026-10-08T08:07:00,3.4591131,-76.521967,33.0,69.87,Simulado
MOTO_001,2026-10-08T08:08:00,3.459368,-76.5213828,11.0,69.87,Simulado
MOTO_001,2026-10-08T08:09:00,3.458495,-76.5216196,28.2,69.85,Simulado
BUS_002,2026-10-08T08:00:00,3.4672052,-76.5321036,58.4,54.66,Simulado
BUS_002,2026-10-08T08:01:00,3.4675686,-76.5320297,44.6,54.4,Simulado
BUS_002,2026-10-08T08:02:00,3.4678505,-76.5328066,19.7,54.28,Simulado
BUS_002,2026-10-08T08:03:00,3.467758,-76.5318989,28.9,54.12,Simulado
BUS_002,2026-10-08T08:04:00,3.4672848,-76.5318978,53.2,53.81,Simulado
BUS_002,2026-10-08T08:05:00,3.46811,-76.5311567,14.8,53.72,Simulado
BUS_002,2026-10-08T08:06:00,3.4683879,-76.5309388,21.4,53.59,Simulado
BUS_002,2026-10-08T08:07:00,3.4689129,-76.53086,13.4,53.52,Simulado
BUS_002,2026-10-08T08:08:00,3.4689737,-76.5318589,47.8,53.24,Simulado
BUS_002,2026-10-08T08:09:00,3.4680126,-76.5310007,22.8,53.1,Simulado
TAXI_002,2026-10-08T08:00:00,3.4620775,-76.521294,21.9,39.97,Simulado
TAXI_002,2026-10-08T08:01:00,3.4612488,-76.521322,57.1,39.88,Simulado
TAXI_002,2026-10-08T08:02:00,3.46177,-76.5207904,8.8,39.87,Simulado
TAXI_002,2026-10-08T08:03:00,3.4617206,-76.5206908,12.1,39.85,Simulado
TAXI_002,2026-10-08T08:04:00,3.4624654,-76.5208445,19.6,39.82,Simulado
TAXI_002,2026-10-08T08:05:00,3.462544,-76.5203846,16.6,39.8,Simulado
TAXI_002,2026-10-08T08:06:00,3.4621675,-76.5193943,16.1,39.77,Simulado
TAXI_002,2026-10-08T08:07:00,3.4620437,-76.5193592,40.7,39.71,Simulado
TAXI_002,2026-10-08T08:08:00,3.4614931,-76.519683,11.7,39.69,Simulado
TAXI_002,2026-10-08T08:09:00,3.4609533,-76.5202426,37.4,39.64,Simulado
MOTO_002,2026-10-08T08:00:00,3.4395406,-76.5273476,17.6,29.99,Simulado
MOTO_002,2026-10-08T08:01:00,3.4390166,-76.5270097,8.9,29.98,Simulado
MOTO_002,2026-10-08T08:02:00,3.4382813,-76.5261387,16.8,29.97,Simulado
MOTO_002,2026-10-08T08:03:00,3.4382266,-76.5255694,36.4,29.95,Simulado
MOTO_002,2026-10-08T08:04:00,3.4376074,-76.5263756,49.4,29.92,Simulado
MOTO_002,2026-10-08T08:05:00,3.4374546,-76.5264415,28.7,29.91,Simulado
MOTO_002,2026-10-08T08:06:00,3.4378013,-76.5254732,45.1,29.88,Simulado
MOTO_002,2026-10-08T08:07:00,3.4376066,-76.5257946,10.4,29.88,Simulado
MOTO_002,2026-10-08T08:08:00,3.4371039,-76.5264142,52.4,29.85,Simulado
MOTO_002,2026-10-08T08:09:00,3.4369476,-76.5268571,29.7,29.83,Simulado
VEH_001,2026-10-08T08:00:00,3.4448169,-76.5192014,29.4,22.8,Simulado
VEH_001,2026-10-08T08:01:00,3.4458155,-76.5185293,7.8,22.75,Simulado
VEH_001,2026-10-08T08:02:00,3.4466682,-76.5178319,58.3,22.35,Simulado
VEH_001,2026-10-08T08:03:00,3.4466395,-76.5184044,14.1,22.25,Simulado
VEH_001,2026-10-08T08:04:00,3.4457567,-76.5186465,27.1,22.06,Simulado
VEH_001,2026-10-08T08:05:00,3.4452871,-76.5180784,59.2,21.66,Simulado
VEH_001,2026-10-08T08:06:00,3.4451332,-76.5171637,30.0,21.45,Simulado
VEH_001,2026-10-08T08:07:00,3.4452447,-76.5167269,59.7,21.04,Simulado
VEH_001,2026-10-08T08:08:00,3.4448381,-76.5157895,13.5,20.95,Simulado
VEH_001,2026-10-08T08:09:00,3.4449225,-76.5152935,36.9,20.7,Simulado
VEH_002,2026-10-08T08:00:00,3.4390204,-76.5301598,32.7,47.96,Simulado
VEH_002,2026-10-08T08:01:00,3.4381806,-76.5307882,57.8,47.88,Simulado
VEH_002,2026-10-08T08:02:00,3.438531,-76.5313177,37.7,47.84,Simulado
VEH_002,2026-10-08T08:03:00,3.4393116,-76.5318253,11.6,47.82,Simulado
VEH_002,2026-10-08T08:04:00,3.4395504,-76.5319869,37.7,47.77,Simulado
VEH_002,2026-10-08T08:05:00,3.4395959,-76.5311175,37.1,47.72,Simulado
VEH_002,2026-10-08T08:06:00,3.4400283,-76.5316401,16.2,47.7,Simulado
VEH_002,2026-10-08T08:07:00,3.4403717,-76.5320401,26.8,47.67,Simulado
VEH_002,2026-10-08T08:08:00,3.4408754,-76.532895,22.4,47.64,Simulado
VEH_002,2026-10-08T08:09:00,3.4418724,-76.5319028,30.2,47.6,Simulado
VEH_003,2026-10-08T08:00:00,3.4396643,-76.5398436,19.6,88.9,Simulado
VEH_003,2026-10-08T08:01:00,3.4394034,-76.5405281,53.4,88.62,Simulado
VEH_003,2026-10-08T08:02:00,3.4398105,-76.5403048,50.9,88.35,Simulado
VEH_003,2026-10-08T08:03:00,3.4401184,-76.5412891,59.3,88.04,Simulado
VEH_003,2026-10-08T08:04:00,3.4397172,-76.5409624,49.9,87.78,Simulado
VEH_003,2026-10-08T08:05:00,3.4389858,-76.5417315,56.6,87.49,Simulado
VEH_003,2026-10-08T08:06:00,3.4390922,-76.5421868,10.9,87.43,Simulado
VEH_003,2026-10-08T08:07:00,3.4395274,-76.5427796,38.3,87.23,Simulado
VEH_003,2026-10-08T08:08:00,3.4390554,-76.5428026,39.9,87.02,Simulado
VEH_003,2026-10-08T08:09:00,3.4397476,-76.543618,54.8,86.74,Simulado
VEH_004,2026-10-08T08:00:00,3.4498495,-76.5384254,5.2,23.99,Simulado
VEH_004,2026-10-08T08:01:00,3.450332,-76.538322,19.4,23.97,Simulado
VEH_004,2026-10-08T08:02:00,3.4493513,-76.5391715,28.5,23.95,Simulado
VEH_004,2026-10-08T08:03:00,3.4501592,-76.5390803,53.6,23.89,Simulado
VEH_004,2026-10-08T08:04:00,3.4503242,-76.5397841,50.9,23.84,Simulado
VEH_004,2026-10-08T08:05:00,3.4499407,-76.5389862,12.0,23.83,Simulado
VEH_004,2026-10-08T08:06:00,3.4506621,-76.5381883,48.8,23.78,Simulado
VEH_004,2026-10-08T08:07:00,3.4501612,-76.5389828,16.6,23.76,Simulado
VEH_004,2026-10-08T08:08:00,3.4509294,-76.53917,47.9,23.71,Simulado
VEH_004,2026-10-08T08:09:00,3.4502385,-76.5383102,39.1,23.67,Simulado
VEH_005,2026-10-08T08:00:00,3.463301,-76.5186642,49.6,48.92,Simulado
VEH_005,2026-10-08T08:01:00,3.4629654,-76.5178026,45.5,48.85,Simulado
VEH_005,2026-10-08T08:02:00,3.4636935,-76.5171811,49.1,48.77,Simulado
VEH_005,2026-10-08T08:03:00,3.4642683,-76.5179649,19.7,48.74,Simulado
VEH_005,2026-10-08T08:04:00,3.4649854,-76.5185201,53.0,48.66,Simulado
VEH_005,2026-10-08T08:05:00,3.464906,-76.5189097,49.9,48.58,Simulado
VEH_005,2026-10-08T08:06:00,3.4643612,-76.5198623,48.7,48.5,Simulado
VEH_005,2026-10-08T08:07:00,3.4640178,-76.5191336,15.6,48.48,Simulado
VEH_005,2026-10-08T08:08:00,3.463576,-76.5188507,58.2,48.38,Simulado
VEH_005,2026-10-08T08:09:00,3.4645383,-76.5187782,27.0,48.34,Simulado
VEH_006,2026-10-08T08:00:00,3.4641342,-76.5426147,58.4,90.68,Simulado
VEH_006,2026-10-08T08:01:00,3.4633511,-76.5427456,19.6,90.57,Simulado
VEH_006,2026-10-08T08:02:00,3.4629784,-76.5425331,45.1,90.32,Simulado
VEH_006,2026-10-08T08:03:00,3.4627488,-76.54238,33.1,90.14,Simulado
VEH_006,2026-10-08T08:04:00,3.4631664,-76.5433766,19.0,90.04,Simulado
VEH_006,2026-10-08T08:05:00,3.4632433,-76.5429377,55.9,89.73,Simulado
VEH_006,2026-10-08T08:06:00,3.4635845,-76.5432093,45.8,89.48,Simulado
VEH_006,2026-10-08T08:07:00,3.463913,-76.5435489,8.8,89.43,Simulado
VEH_006,2026-10-08T08:08:00,3.464609,-76.5431094,22.3,89.31,Simulado
VEH_006,2026-10-08T08:09:00,3.4642276,-76.5432926,21.5,89.19,Simulado
VEH_007,2026-10-08T08:00:00,3.4485129,-76.5372496,12.0,47.98,Simulado
VEH_007,2026-10-08T08:01:00,3.4493185,-76.5370186,42.3,47.93,Simulado
VEH_007,2026-10-08T08:02:00,3.4494144,-76.5380178,21.6,47.9,Simulado
VEH_007,2026-10-08T08:03:00,3.4492742,-76.5378578,20.8,47.87,Simulado
VEH_007,2026-10-08T08:04:00,3.4492041,-76.5379735,41.0,47.81,Simulado
VEH_007,2026-10-08T08:05:00,3.4491505,-76.5371711,16.8,47.79,Simulado
VEH_007,2026-10-08T08:06:00,3.4484899,-76.5380015,48.8,47.72,Simulado
VEH_007,2026-10-08T08:07:00,3.4487558,-76.5383312,33.3,47.68,Simulado
VEH_007,2026-10-08T08:08:00,3.4492581,-76.5379856,50.0,47.61,Simulado
VEH_007,2026-10-08T08:09:00,3.4486563,-76.5389367,17.4,47.58,Simulado
VEH_008,2026-10-08T08:00:00,3.4430909,-76.532917,51.7,19.96,Simulado
VEH_008,2026-10-08T08:01:00,3.4424798,-76.5325243,39.6,19.93,Simulado
VEH_008,2026-10-08T08:02:00,3.4419678,-76.5322122,32.2,19.91,Simulado
VEH_008,2026-10-08T08:03:00,3.4424697,-76.5316721,5.3,19.91,Simulado
VEH_008,2026-10-08T08:04:00,3.44232,-76.5323203,10.9,19.9,Simulado
VEH_008,2026-10-08T08:05:00,3.4423559,-76.5332199,57.7,19.86,Simulado
VEH_008,2026-10-08T08:06:00,3.4430526,-76.533307,18.7,19.84,Simulado
VEH_008,2026-10-08T08:07:00,3.4433877,-76.5323312,49.1,19.81,Simulado
VEH_008,2026-10-08T08:08:00,3.4442878,-76.5315483,37.7,19.78,Simulado
VEH_008,2026-10-08T08:09:00,3.4447264,-76.5315388,38.7,19.75,Simulado
VEH_009,2026-10-08T08:00:00,3.4620044,-76.5306145,54.3,73.92,Simulado
VEH_009,2026-10-08T08:01:00,3.4614989,-76.5303392,19.3,73.89,Simulado
VEH_009,2026-10-08T08:02:00,3.4615415,-76.5300857,47.1,73.82,Simulado
VEH_009,2026-10-08T08:03:00,3.4606964,-76.5305142,20.1,73.8,Simulado
VEH_009,2026-10-08T08:04:00,3.4603359,-76.5304339,19.9,73.77,Simulado
VEH_009,2026-10-08T08:05:00,3.4597984,-76.530046,12.6,73.75,Simulado
VEH_009,2026-10-08T08:06:00,3.4589268,-76.5302308,43.9,73.69,Simulado
VEH_009,2026-10-08T08:07:00,3.4587584,-76.5308171,34.8,73.63,Simulado
VEH_009,2026-10-08T08:08:00,3.4595681,-76.530649,28.1,73.59,Simulado
VEH_009,2026-10-08T08:09:00,3.4602815,-76.5301178,43.3,73.53,Simulado
VEH_010,2026-10-08T08:00:00,3.4485184,-76.5461162,24.3,46.95,Simulado
VEH_010,2026-10-08T08:01:00,3.4483564,-76.5456212,57.4,46.84,Simulado
VEH_010,2026-10-08T08:02:00,3.4485629,-76.5461801,35.0,46.77,Simulado
VEH_010,2026-10-08T08:03:00,3.4484346,-76.5471221,17.1,46.74,Simulado
VEH_010,2026-10-08T08:04:00,3.4487929,-76.5473134,23.5,46.69,Simulado
VEH_010,2026-10-08T08:05:00,3.4487277,-76.5480582,14.1,46.66,Simulado
VEH_010,2026-10-08T08:06:00,3.4477816,-76.5482701,39.2,46.59,Simulado
VEH_010,2026-10-08T08:07:00,3.4468358,-76.5479846,36.0,46.52,Simulado
VEH_010,2026-10-08T08:08:00,3.4467592,-76.5488841,12.5,46.49,Simulado
VEH_010,2026-10-08T08:09:00,3.4461825,-76.5492304,25.9,46.44,Simulado
VEH_011,2026-10-08T08:00:00,3.4601007,-76.5361217,46.4,32.98,Simulado
VEH_011,2026-10-08T08:01:00,3.4591395,-76.5360428,9.5,32.97,Simulado
VEH_011,2026-10-08T08:02:00,3.4588394,-76.5357425,60.0,32.95,Simulado
VEH_011,2026-10-08T08:03:00,3.4591429,-76.5352341,48.0,32.93,Simulado
VEH_011,2026-10-08T08:04:00,3.4585417,-76.5361933,57.2,32.9,Simulado
VEH_011,2026-10-08T08:05:00,3.4577941,-76.5358544,13.4,32.89,Simulado
VEH_011,2026-10-08T08:06:00,3.45723,-76.5354555,36.0,32.88,Simulado
VEH_011,2026-10-08T08:07:00,3.4565656,-76.535241,47.2,32.86,Simulado
VEH_011,2026-10-08T08:08:00,3.4557947,-76.5346024,46.1,32.84,Simulado
VEH_011,2026-10-08T08:09:00,3.4550109,-76.535551,58.1,32.81,Simulado
VEH_012,2026-10-08T08:00:00,3.445752,-76.5262496,57.7,64.59,Simulado
VEH_012,2026-10-08T08:01:00,3.4461333,-76.5259951,9.2,64.52,Simulado
VEH_012,2026-10-08T08:02:00,3.4466782,-76.5252945,10.6,64.45,Simulado
VEH_012,2026-10-08T08:03:00,3.4459203,-76.5243268,38.0,64.18,Simulado
VEH_012,2026-10-08T08:04:00,3.4456147,-76.52447,48.0,63.84,Simulado
VEH_012,2026-10-08T08:05:00,3.4456267,-76.5247876,25.4,63.66,Simulado
VEH_012,2026-10-08T08:06:00,3.4462713,-76.5255765,51.7,63.29,Simulado
VEH_012,2026-10-08T08:07:00,3.4465425,-76.5249191,57.8,62.88,Simulado
VEH_012,2026-10-08T08:08:00,3.4464135,-76.5244515,43.9,62.56,Simulado
VEH_012,2026-10-08T08:09:00,3.4459536,-76.5238351,58.1,62.15,Simulado
VEH_013,2026-10-08T08:00:00,3.4532072,-76.5329583,29.0,24.98,Simulado
VEH_013,2026-10-08T08:01:00,3.4538687,-76.533785,51.8,24.94,Simulado
VEH_013,2026-10-08T08:02:00,3.4533564,-76.5338555,53.5,24.9,Simulado
VEH_013,2026-10-08T08:03:00,3.4531144,-76.5347981,38.6,24.88,Simulado
VEH_013,2026-10-08T08:04:00,3.4524781,-76.5353739,51.8,24.84,Simulado
VEH_013,2026-10-08T08:05:00,3.4521588,-76.5346133,48.9,24.8,Simulado
VEH_013,2026-10-08T08:06:00,3.4517113,-76.535593,43.6,24.77,Simulado
VEH_013,2026-10-08T08:07:00,3.4508825,-76.5351528,57.1,24.73,Simulado
VEH_013,2026-10-08T08:08:00,3.4513989,-76.5347716,31.9,24.71,Simulado
VEH_013,2026-10-08T08:09:00,3.4513805,-76.5341857,40.5,24.68,Simulado
VEH_014,2026-10-08T08:00:00,3.439004,-76.540189,43.0,67.78,Simulado
VEH_014,2026-10-08T08:01:00,3.4390659,-76.540338,31.0,67.62,Simulado
VEH_014,2026-10-08T08:02:00,3.4387274,-76.5399323,46.0,67.38,Simulado
VEH_014,2026-10-08T08:03:00,3.4382302,-76.540691,19.9,67.27,Simulado
VEH_014,2026-10-08T08:04:00,3.4374694,-76.5406192,15.6,67.19,Simulado
VEH_014,2026-10-08T08:05:00,3.4368397,-76.5411865,46.9,66.95,Simulado
VEH_014,2026-10-08T08:06:00,3.4372888,-76.5402333,31.6,66.78,Simulado
VEH_014,2026-10-08T08:07:00,3.4368548,-76.5410322,33.9,66.61,Simulado
VEH_014,2026-10-08T08:08:00,3.4363098,-76.5416733,15.7,66.53,Simulado
VEH_014,2026-10-08T08:09:00,3.4363781,-76.5421247,5.8,66.5,Simulado
VEH_015,2026-10-08T08:00:00,3.4650814,-76.5296623,43.4,99.97,Simulado
VEH_015,2026-10-08T08:01:00,3.4658268,-76.5295142,32.0,99.95,Simulado
VEH_015,2026-10-08T08:02:00,3.4657078,-76.5301455,30.8,99.93,Simulado
VEH_015,2026-10-08T08:03:00,3.4665899,-76.53019,7.8,99.92,Simulado
VEH_015,2026-10-08T08:04:00,3.4663913,-76.5310418,50.2,99.89,Simulado
VEH_015,2026-10-08T08:05:00,3.4654985,-76.5317434,39.6,99.86,Simulado
VEH_015,2026-10-08T08:06:00,3.4651062,-76.5307556,36.0,99.84,Simulado
VEH_015,2026-10-08T08:07:00,3.4656351,-76.530543,11.5,99.83,Simulado
VEH_015,2026-10-08T08:08:00,3.4650865,-76.5304978,48.5,99.8,Simulado
VEH_015,2026-10-08T08:09:00,3.4649719,-76.5297775,29.8,99.78,Simulado
VEH_016,2026-10-08T08:00:00,3.4665202,-76.5373584,39.2,92.98,Simulado
VEH_016,2026-10-08T08:01:00,3.4659358,-76.5379364,57.1,92.95,Simulado
VEH_016,2026-10-08T08:02:00,3.4652499,-76.5385887,41.3,92.93,Simulado
VEH_016,2026-10-08T08:03:00,3.4642552,-76.5386877,9.1,92.93,Simulado
VEH_016,2026-10-08T08:04:00,3.4638378,-76.5392248,37.7,92.91,Simulado
VEH_016,2026-10-08T08:05:00,3.4642437,-76.5393167,43.9,92.89,Simulado
VEH_016,2026-10-08T08:06:00,3.4650916,-76.5387411,42.8,92.86,Simulado
VEH_016,2026-10-08T08:07:00,3.4654139,-76.5378737,39.4,92.84,Simulado
VEH_016,2026-10-08T08:08:00,3.465503,-76.5375785,28.4,92.83,Simulado
VEH_016,2026-10-08T08:09:00,3.4661563,-76.5384356,55.0,92.8,Simulado
VEH_017,2026-10-08T08:00:00,3.4417161,-76.5381944,46.2,24.69,Simulado
VEH_017,2026-10-08T08:01:00,3.4420935,-76.537795,11.8,24.61,Simulado
VEH_017,2026-10-08T08:02:00,3.4420944,-76.5378074,56.8,24.24,Simulado
VEH_017,2026-10-08T08:03:00,3.4411741,-76.5379433,9.4,24.17,Simulado
VEH_017,2026-10-08T08:04:00,3.4406749,-76.5387607,22.7,24.02,Simulado
VEH_017,2026-10-08T08:05:00,3.4413468,-76.5386103,57.9,23.64,Simulado
VEH_017,2026-10-08T08:06:00,3.4423459,-76.5382657,57.3,23.26,Simulado
VEH_017,2026-10-08T08:07:00,3.4414264,-76.5377532,19.8,23.13,Simulado
VEH_017,2026-10-08T08:08:00,3.4417294,-76.536921,30.9,22.92,Simulado
VEH_017,2026-10-08T08:09:00,3.4419001,-76.5366514,15.0,22.82,Simulado
VEH_018,2026-10-08T08:00:00,3.4510184,-76.5439225,24.1,29.98,Simulado
VEH_018,2026-10-08T08:01:00,3.450678,-76.5435351,52.2,29.94,Simulado
VEH_018,2026-10-08T08:02:00,3.4515684,-76.542908,20.9,29.93,Simulado
VEH_018,2026-10-08T08:03:00,3.451478,-76.5432789,35.3,29.9,Simulado
VEH_018,2026-10-08T08:04:00,3.4524184,-76.5434706,22.8,29.88,Simulado
VEH_018,2026-10-08T08:05:00,3.4533946,-76.5431553,33.3,29.86,Simulado
VEH_018,2026-10-08T08:06:00,3.4532211,-76.5437801,34.8,29.83,Simulado
VEH_018,2026-10-08T08:07:00,3.453734,-76.5435293,24.9,29.81,Simulado
VEH_018,2026-10-08T08:08:00,3.4531411,-76.5434309,46.8,29.77,Simulado
VEH_018,2026-10-08T08:09:00,3.4530174,-76.5430344,56.0,29.73,Simulado
VEH_019,2026-10-08T08:00:00,3.4397214,-76.5184888,38.5,67.78,Simulado
VEH_019,2026-10-08T08:01:00,3.4398259,-76.5193024,35.3,67.58,Simulado
VEH_019,2026-10-08T08:02:00,3.4406517,-76.5193795,59.6,67.24,Simulado
VEH_019,2026-10-08T08:03:00,3.441316,-76.5193828,11.5,67.17,Simulado
VEH_019,2026-10-08T08:04:00,3.4413338,-76.5198359,44.4,66.92,Simulado
VEH_019,2026-10-08T08:05:00,3.4422943,-76.5203485,50.9,66.63,Simulado
VEH_019,2026-10-08T08:06:00,3.4420614,-76.5195047,35.3,66.43,Simulado
VEH_019,2026-10-08T08:07:00,3.4428201,-76.5187767,33.0,66.24,Simulado
VEH_019,2026-10-08T08:08:00,3.4434001,-76.5189468,20.2,66.13,Simulado
VEH_019,2026-10-08T08:09:00,3.4434156,-76.5183057,56.4,65.8,Simulado
VEH_020,2026-10-08T08:00:00,3.446083,-76.538064,37.3,39.98,Simulado
VEH_020,2026-10-08T08:01:00,3.4461601,-76.5383738,13.2,39.97,Simulado
VEH_020,2026-10-08T08:02:00,3.446247,-76.5384631,35.4,39.95,Simulado
VEH_020,2026-10-08T08:03:00,3.4456243,-76.5380681,22.7,39.94,Simulado
VEH_020,2026-10-08T08:04:00,3.4450914,-76.537517,36.4,39.92,Simulado
VEH_020,2026-10-08T08:05:00,3.4455808,-76.5371066,7.4,39.91,Simulado
VEH_020,2026-10-08T08:06:00,3.445353,-76.5367792,49.6,39.89,Simulado
VEH_020,2026-10-08T08:07:00,3.4463146,-76.5367885,50.1,39.86,Simulado
VEH_020,2026-10-08T08:08:00,3.4463192,-76.5366082,7.0,39.85,Simulado
VEH_020,2026-10-08T08:09:00,3.4470676,-76.5367276,52.8,39.82,Simulado
VEH_021,2026-10-08T08:00:00,3.4521985,-76.5329826,44.7,53.92,Simulado
VEH_021,2026-10-08T08:01:00,3.4521375,-76.5320442,13.5,53.9,Simulado
VEH_021,2026-10-08T08:02:00,3.4525229,-76.5317445,23.6,53.86,Simulado
VEH_021,2026-10-08T08:03:00,3.4532276,-76.5310258,51.8,53.77,Simulado
VEH_021,2026-10-08T08:04:00,3.4528609,-76.5305884,25.9,53.72,Simulado
VEH_021,2026-10-08T08:05:00,3.4536057,-76.5315166,46.8,53.64,Simulado
VEH_021,2026-10-08T08:06:00,3.453868,-76.5306747,8.8,53.62,Simulado
VEH_021,2026-10-08T08:07:00,3.4543615,-76.5308068,59.9,53.52,Simulado
VEH_021,2026-10-08T08:08:00,3.454629,-76.5300616,10.4,53.5,Simulado
VEH_021,2026-10-08T08:09:00,3.455017,-76.5292548,29.4,53.45,Simulado
VEH_022,2026-10-08T08:00:00,3.4377294,-76.5238246,21.1,96.86,Simulado
VEH_022,2026-10-08T08:01:00,3.4378613,-76.5232395,34.2,96.64,Simulado
VEH_022,2026-10-08T08:02:00,3.4370192,-76.5224978,14.3,96.54,Simulado
VEH_022,2026-10-08T08:03:00,3.4365009,-76.5216722,39.1,96.28,Simulado
VEH_022,2026-10-08T08:04:00,3.4364232,-76.5221642,12.9,96.2,Simulado
VEH_022,2026-10-08T08:05:00,3.435442,-76.521555,19.0,96.07,Simulado
VEH_022,2026-10-08T08:06:00,3.4357972,-76.522239,54.6,95.71,Simulado
VEH_022,2026-10-08T08:07:00,3.4354883,-76.5220639,29.3,95.52,Simulado
VEH_022,2026-10-08T08:08:00,3.4353369,-76.5225637,40.1,95.26,Simulado
VEH_022,2026-10-08T08:09:00,3.4347354,-76.5227943,51.5,94.92,Simulado
VEH_023,2026-10-08T08:00:00,3.4512459,-76.5388984,36.5,39.94,Simulado
VEH_023,2026-10-08T08:01:00,3.4522018,-76.538582,21.2,39.91,Simulado
VEH_023,2026-10-08T08:02:00,3.4523336,-76.5382104,20.1,39.88,Simulado
VEH_023,2026-10-08T08:03:00,3.4514317,-76.5379976,46.0,39.81,Simulado
VEH_023,2026-10-08T08:04:00,3.45224,-76.5384252,32.3,39.76,Simulado
VEH_023,2026-10-08T08:05:00,3.4524541,-76.5387205,48.9,39.68,Simulado
VEH_023,2026-10-08T08:06:00,3.4526959,-76.538365,40.0,39.62,Simulado
VEH_023,2026-10-08T08:07:00,3.4530143,-76.5376883,44.7,39.55,Simulado
VEH_023,2026-10-08T08:08:00,3.4538211,-76.5373957,39.6,39.49,Simulado
VEH_023,2026-10-08T08:09:00,3.4537027,-76.5372365,22.0,39.46,Simulado
VEH_024,2026-10-08T08:00:00,3.4590658,-76.5449447,21.2,90.99,Simulado
VEH_024,2026-10-08T08:01:00,3.4591446,-76.5440017,12.3,90.98,Simulado
VEH_024,2026-10-08T08:02:00,3.4599715,-76.5433408,34.2,90.97,Simulado
VEH_024,2026-10-08T08:03:00,3.4606209,-76.5433771,19.1,90.96,Simulado
VEH_024,2026-10-08T08:04:00,3.461114,-76.5436997,49.4,90.93,Simulado
VEH_024,2026-10-08T08:05:00,3.4620398,-76.5444182,11.3,90.93,Simulado
VEH_024,2026-10-08T08:06:00,3.4627601,-76.5439697,58.2,90.9,Simulado
VEH_024,2026-10-08T08:07:00,3.4636946,-76.5433605,58.9,90.87,Simulado
VEH_024,2026-10-08T08:08:00,3.464276,-76.5443327,25.1,90.86,Simulado
VEH_024,2026-10-08T08:09:00,3.4641856,-76.5439871,34.5,90.84,Simulado
VEH_025,2026-10-08T08:00:00,3.4576508,-76.5302465,50.2,26.97,Simulado
VEH_025,2026-10-08T08:01:00,3.4567009,-76.529478,17.9,26.96,Simulado
VEH_025,2026-10-08T08:02:00,3.4575314,-76.5300353,35.9,26.95,Simulado
VEH_025,2026-10-08T08:03:00,3.4581791,-76.5292165,8.5,26.94,Simulado
VEH_025,2026-10-08T08:04:00,3.4579957,-76.529937,21.6,26.93,Simulado
VEH_025,2026-10-08T08:05:00,3.4576044,-76.5299517,57.0,26.9,Simulado
VEH_025,2026-10-08T08:06:00,3.4583789,-76.5306804,10.3,26.9,Simulado
VEH_025,2026-10-08T08:07:00,3.4587199,-76.5301941,30.0,26.88,Simulado
VEH_025,2026-10-08T08:08:00,3.4585581,-76.5297096,57.0,26.85,Simulado
VEH_025,2026-10-08T08:09:00,3.4583879,-76.5305115,13.5,26.84,Simulado
VEH_026,2026-10-08T08:00:00,3.4503458,-76.5350155,57.3,59.66,Simulado
VEH_026,2026-10-08T08:01:00,3.451247,-76.5343046,29.4,59.48,Simulado
VEH_026,2026-10-08T08:02:00,3.4516183,-76.5342156,10.5,59.42,Simulado
VEH_026,2026-10-08T08:03:00,3.4513357,-76.5344194,58.8,59.06,Simulado
VEH_026,2026-10-08T08:04:00,3.45058,-76.5337233,15.4,58.97,Simulado
VEH_026,2026-10-08T08:05:00,3.4509055,-76.5334399,30.0,58.79,Simulado
VEH_026,2026-10-08T08:06:00,3.4499482,-76.5328663,37.8,58.56,Simulado
VEH_026,2026-10-08T08:07:00,3.4492001,-76.5327371,18.4,58.45,Simulado
VEH_026,2026-10-08T08:08:00,3.4497304,-76.5333228,8.8,58.4,Simulado
VEH_026,2026-10-08T08:09:00,3.4504698,-76.5336657,16.9,58.3,Simulado
VEH_027,2026-10-08T08:00:00,3.4417434,-76.5206947,5.2,46.96,Simulado
VEH_027,2026-10-08T08:01:00,3.4412447,-76.5213457,12.1,46.87,Simulado
VEH_027,2026-10-08T08:02:00,3.4402963,-76.522316,41.4,46.57,Simulado
VEH_027,2026-10-08T08:03:00,3.4397722,-76.5226684,48.4,46.22,Simulado
VEH_027,2026-10-08T08:04:00,3.438877,-76.522185,14.6,46.11,Simulado
VEH_027,2026-10-08T08:05:00,3.4393683,-76.5222325,33.9,45.87,Simulado
VEH_027,2026-10-08T08:06:00,3.4393948,-76.5230144,47.8,45.52,Simulado
VEH_027,2026-10-08T08:07:00,3.4402856,-76.5239277,32.7,45.28,Simulado
VEH_027,2026-10-08T08:08:00,3.4410196,-76.5238848,48.1,44.93,Simulado
VEH_027,2026-10-08T08:09:00,3.4419476,-76.5247631,30.2,44.71,Simulado
VEH_028,2026-10-08T08:00:00,3.45095,-76.5341321,42.7,46.97,Simulado
VEH_028,2026-10-08T08:01:00,3.4501116,-76.5339155,9.0,46.96,Simulado
VEH_028,2026-10-08T08:02:00,3.4496616,-76.5336493,8.6,46.96,Simulado
VEH_028,2026-10-08T08:03:00,3.449312,-76.5326601,35.2,46.93,Simulado
VEH_028,2026-10-08T08:04:00,3.4492194,-76.5324492,34.2,46.91,Simulado
VEH_028,2026-10-08T08:05:00,3.449623,-76.5317436,10.5,46.9,Simulado
VEH_028,2026-10-08T08:06:00,3.4501609,-76.531302,40.8,46.88,Simulado
VEH_028,2026-10-08T08:07:00,3.450064,-76.531845,16.8,46.86,Simulado
VEH_028,2026-10-08T08:08:00,3.449971,-76.532013,23.6,46.85,Simulado
VEH_028,2026-10-08T08:09:00,3.4498245,-76.5316828,10.2,46.84,Simulado
VEH_029,2026-10-08T08:00:00,3.4469633,-76.5417573,55.8,77.94,Simulado
VEH_029,2026-10-08T08:01:00,3.4461564,-76.5412797,10.1,77.93,Simulado
VEH_029,2026-10-08T08:02:00,3.4462692,-76.5411068,49.6,77.87,Simulado
VEH_029,2026-10-08T08:03:00,3.4459285,-76.5418623,35.9,77.83,Simulado
VEH_029,2026-10-08T08:04:00,3.4462591,-76.5413617,24.4,77.8,Simulado
VEH_029,2026-10-08T08:05:00,3.4467013,-76.5404249,52.7,77.74,Simulado
VEH_029,2026-10-08T08:06:00,3.4464046,-76.5402691,38.0,77.7,Simulado
VEH_029,2026-10-08T08:07:00,3.446718,-76.5408206,16.7,77.68,Simulado
VEH_029,2026-10-08T08:08:00,3.4474088,-76.5410855,11.0,77.67,Simulado
VEH_029,2026-10-08T08:09:00,3.447557,-76.540471,46.9,77.62,Simulado
VEH_030,2026-10-08T08:00:00,3.4621818,-76.5174782,50.0,50.91,Simulado
VEH_030,2026-10-08T08:01:00,3.46304,-76.5168193,6.4,50.9,Simulado
VEH_030,2026-10-08T08:02:00,3.4624008,-76.5164139,19.7,50.86,Simulado
VEH_030,2026-10-08T08:03:00,3.4620805,-76.5174017,22.0,50.83,Simulado
VEH_030,2026-10-08T08:04:00,3.4622131,-76.5176001,52.8,50.73,Simulado
VEH_030,2026-10-08T08:05:00,3.4624794,-76.5185388,12.8,50.71,Simulado
VEH_030,2026-10-08T08:06:00,3.4619097,-76.5186991,46.0,50.63,Simulado
VEH_030,2026-10-08T08:07:00,3.4616498,-76.5182559,23.7,50.58,Simulado
VEH_030,2026-10-08T08:08:00,3.461785,-76.519086,47.7,50.5,Simulado
VEH_030,2026-10-08T08:09:00,3.4610998,-76.5188503,7.9,50.48,Simulado
VEH_031,2026-10-08T08:00:00,3.4567904,-76.5389528,41.4,93.98,Simulado
VEH_031,2026-10-08T08:01:00,3.4573003,-76.5397252,20.0,93.96,Simulado
VEH_031,2026-10-08T08:02:00,3.4568668,-76.5393682,28.6,93.95,Simulado
VEH_031,2026-10-08T08:03:00,3.457201,-76.5402774,31.8,93.93,Simulado
VEH_031,2026-10-08T08:04:00,3.4573997,-76.541262,26.7,93.91,Simulado
VEH_031,2026-10-08T08:05:00,3.4568221,-76.5419875,21.6,93.9,Simulado
VEH_031,2026-10-08T08:06:00,3.4564784,-76.5429721,19.1,93.89,Simulado
VEH_031,2026-10-08T08:07:00,3.4558298,-76.5432117,46.1,93.86,Simulado
VEH_031,2026-10-08T08:08:00,3.4558303,-76.542545,43.7,93.83,Simulado
VEH_031,2026-10-08T08:09:00,3.4549745,-76.5418214,49.3,93.8,Simulado
VEH_032,2026-10-08T08:00:00,3.4385933,-76.5462862,55.7,65.93,Simulado
VEH_032,2026-10-08T08:01:00,3.4390123,-76.5464508,36.5,65.89,Simulado
VEH_032,2026-10-08T08:02:00,3.438054,-76.5468013,11.3,65.88,Simulado
VEH_032,2026-10-08T08:03:00,3.4382902,-76.5461373,49.1,65.82,Simulado
VEH_032,2026-10-08T08:04:00,3.4374665,-76.5454483,55.6,65.75,Simulado
VEH_032,2026-10-08T08:05:00,3.4376443,-76.5454004,18.4,65.73,Simulado
VEH_032,2026-10-08T08:06:00,3.4372648,-76.5457213,26.8,65.7,Simulado
VEH_032,2026-10-08T08:07:00,3.4366011,-76.5457004,23.3,65.67,Simulado
VEH_032,2026-10-08T08:08:00,3.436621,-76.5448885,11.3,65.66,Simulado
VEH_032,2026-10-08T08:09:00,3.4370757,-76.5442506,24.2,65.63,Simulado
VEH_033,2026-10-08T08:00:00,3.4604457,-76.5397071,13.1,84.98,Simulado
VEH_033,2026-10-08T08:01:00,3.4607567,-76.5403528,46.8,84.91,Simulado
VEH_033,2026-10-08T08:02:00,3.4607449,-76.539844,47.5,84.83,Simulado
VEH_033,2026-10-08T08:03:00,3.4606427,-76.5389956,46.8,84.76,Simulado
VEH_033,2026-10-08T08:04:00,3.4609133,-76.5387466,36.0,84.7,Simulado
VEH_033,2026-10-08T08:05:00,3.4611677,-76.5394447,52.5,84.62,Simulado
VEH_033,2026-10-08T08:06:00,3.4610522,-76.539839,8.8,84.6,Simulado
VEH_033,2026-10-08T08:07:00,3.4601645,-76.5398244,20.1,84.57,Simulado
VEH_033,2026-10-08T08:08:00,3.4600683,-76.5407106,22.1,84.53,Simulado
VEH_033,2026-10-08T08:09:00,3.4592218,-76.5399821,50.7,84.45,Simulado
VEH_034,2026-10-08T08:00:00,3.4621842,-76.5284411,32.9,33.82,Simulado
VEH_034,2026-10-08T08:01:00,3.462976,-76.5285416,48.5,33.56,Simulado
VEH_034,2026-10-08T08:02:00,3.4632797,-76.5288986,49.5,33.3,Simulado
VEH_034,2026-10-08T08:03:00,3.4625814,-76.5297748,31.2,33.13,Simulado
VEH_034,2026-10-08T08:04:00,3.4633796,-76.530088,10.7,33.07,Simulado
VEH_034,2026-10-08T08:05:00,3.4633887,-76.5307429,44.3,32.83,Simulado
VEH_034,2026-10-08T08:06:00,3.4632642,-76.530864,18.6,32.73,Simulado
VEH_034,2026-10-08T08:07:00,3.4625817,-76.5311183,33.8,32.55,Simulado
VEH_034,2026-10-08T08:08:00,3.4623993,-76.5314416,20.6,32.44,Simulado
VEH_034,2026-10-08T08:09:00,3.4629777,-76.531147,37.9,32.23,Simulado
VEH_035,2026-10-08T08:00:00,3.4381456,-76.5437174,42.3,73.93,Simulado
VEH_035,2026-10-08T08:01:00,3.4389583,-76.5429708,41.1,73.86,Simulado
VEH_035,2026-10-08T08:02:00,3.4391238,-76.5436879,23.3,73.82,Simulado
VEH_035,2026-10-08T08:03:00,3.4400592,-76.543291,24.2,73.78,Simulado
VEH_035,2026-10-08T08:04:00,3.4402493,-76.542415,26.6,73.74,Simulado
VEH_035,2026-10-08T08:05:00,3.4400026,-76.5418316,22.0,73.7,Simulado
VEH_035,2026-10-08T08:06:00,3.4403429,-76.5411737,49.7,73.62,Simulado
VEH_035,2026-10-08T08:07:00,3.4407137,-76.5411209,45.6,73.54,Simulado
VEH_035,2026-10-08T08:08:00,3.4405605,-76.5413973,40.5,73.47,Simulado
VEH_035,2026-10-08T08:09:00,3.439921,-76.5419689,24.9,73.43,Simulado
VEH_036,2026-10-08T08:00:00,3.4643052,-76.5332575,17.5,67.97,Simulado
VEH_036,2026-10-08T08:01:00,3.4635075,-76.5327158,51.4,67.9,Simulado
VEH_036,2026-10-08T08:02:00,3.4642748,-76.5336403,50.9,67.82,Simulado
VEH_036,2026-10-08T08:03:00,3.4648074,-76.5343782,23.5,67.79,Simulado
VEH_036,2026-10-08T08:04:00,3.4641319,-76.5337155,25.7,67.75,Simulado
VEH_036,2026-10-08T08:05:00,3.46475,-76.5343844,47.4,67.68,Simulado
VEH_036,2026-10-08T08:06:00,3.4645717,-76.5340317,29.1,67.63,Simulado
VEH_036,2026-10-08T08:07:00,3.4644601,-76.5344618,18.1,67.6,Simulado
VEH_036,2026-10-08T08:08:00,3.464358,-76.5343938,46.2,67.54,Simulado
VEH_036,2026-10-08T08:09:00,3.4649752,-76.5344558,22.0,67.5,Simulado
VEH_037,2026-10-08T08:00:00,3.4626223,-76.5360414,57.1,86.93,Simulado
VEH_037,2026-10-08T08:01:00,3.462386,-76.5359865,20.5,86.91,Simulado
VEH_037,2026-10-08T08:02:00,3.4630198,-76.535384,58.1,86.83,Simulado
VEH_037,2026-10-08T08:03:00,3.4625198,-76.5351016,12.6,86.82,Simulado
VEH_037,2026-10-08T08:04:00,3.4626289,-76.5358964,53.1,86.75,Simulado
VEH_037,2026-10-08T08:05:00,3.4633312,-76.5363263,51.5,86.69,Simulado
VEH_037,2026-10-08T08:06:00,3.4628768,-76.5355157,47.0,86.64,Simulado
VEH_037,2026-10-08T08:07:00,3.4627518,-76.5346229,13.1,86.62,Simulado
VEH_037,2026-10-08T08:08:00,3.462654,-76.5349237,17.2,86.6,Simulado
VEH_037,2026-10-08T08:09:00,3.4617605,-76.5349197,6.5,86.59,Simulado
VEH_038,2026-10-08T08:00:00,3.4427297,-76.5163026,25.6,33.83,Simulado
VEH_038,2026-10-08T08:01:00,3.4430296,-76.5157198,51.2,33.49,Simulado
VEH_038,2026-10-08T08:02:00,3.4426034,-76.5150603,12.6,33.4,Simulado
VEH_038,2026-10-08T08:03:00,3.441881,-76.5146492,43.3,33.11,Simulado
VEH_038,2026-10-08T08:04:00,3.4408915,-76.5154908,29.7,32.91,Simulado
VEH_038,2026-10-08T08:05:00,3.4415614,-76.5153932,19.1,32.78,Simulado
VEH_038,2026-10-08T08:06:00,3.441617,-76.5161708,45.0,32.48,Simulado
VEH_038,2026-10-08T08:07:00,3.4412193,-76.5170753,20.8,32.34,Simulado
VEH_038,2026-10-08T08:08:00,3.4418071,-76.5171611,28.1,32.15,Simulado
VEH_038,2026-10-08T08:09:00,3.4426173,-76.5169676,11.1,32.08,Simulado
VEH_039,2026-10-08T08:00:00,3.4363802,-76.5316803,18.3,62.99,Simulado
VEH_039,2026-10-08T08:01:00,3.4358613,-76.5318471,38.8,62.97,Simulado
VEH_039,2026-10-08T08:02:00,3.4350326,-76.5308978,41.5,62.95,Simulado
VEH_039,2026-10-08T08:03:00,3.4350847,-76.5308832,8.7,62.95,Simulado
VEH_039,2026-10-08T08:04:00,3.435193,-76.5311022,59.4,62.92,Simulado
VEH_039,2026-10-08T08:05:00,3.4354643,-76.5301402,30.9,62.91,Simulado
VEH_039,2026-10-08T08:06:00,3.4344968,-76.5295631,19.0,62.9,Simulado
VEH_039,2026-10-08T08:07:00,3.4349627,-76.5293066,24.0,62.89,Simulado
VEH_039,2026-10-08T08:08:00,3.4354331,-76.5296416,47.4,62.87,Simulado
VEH_039,2026-10-08T08:09:00,3.4355251,-76.5290146,7.4,62.86,Simulado
VEH_040,2026-10-08T08:00:00,3.4422435,-76.5233623,30.6,39.96,Simulado
VEH_040,2026-10-08T08:01:00,3.4413697,-76.5228099,49.6,39.89,Simulado
VEH_040,2026-10-08T08:02:00,3.4409565,-76.5237223,30.2,39.85,Simulado
VEH_040,2026-10-08T08:03:00,3.4400404,-76.5228555,16.0,39.83,Simulado
VEH_040,2026-10-08T08:04:00,3.4410186,-76.5227695,33.3,39.78,Simulado
VEH_040,2026-10-08T08:05:00,3.4415252,-76.5233872,18.9,39.75,Simulado
VEH_040,2026-10-08T08:06:00,3.4420869,-76.5226557,24.6,39.72,Simulado
VEH_040,2026-10-08T08:07:00,3.4413358,-76.5229196,23.3,39.69,Simulado
VEH_040,2026-10-08T08:08:00,3.4418224,-76.5221303,53.9,39.61,Simulado
VEH_040,2026-10-08T08:09:00,3.4427699,-76.5221379,26.3,39.58,Simulado
VEH_041,2026-10-08T08:00:00,3.452128,-76.5188165,33.6,83.98,Simulado
VEH_041,2026-10-08T08:01:00,3.4523329,-76.5181718,9.3,83.97,Simulado
VEH_041,2026-10-08T08:02:00,3.4519753,-76.5190117,35.0,83.94,Simulado
VEH_041,2026-10-08T08:03:00,3.4515883,-76.5188065,41.4,83.91,Simulado
VEH_041,2026-10-08T08:04:00,3.4519678,-76.5191034,28.4,83.89,Simulado
VEH_041,2026-10-08T08:05:00,3.4527079,-76.5193982,7.3,83.89,Simulado
VEH_041,2026-10-08T08:06:00,3.452257,-76.5184382,59.9,83.84,Simulado
VEH_041,2026-10-08T08:07:00,3.4514071,-76.5181632,57.1,83.8,Simulado
VEH_041,2026-10-08T08:08:00,3.4520093,-76.5178043,25.0,83.78,Simulado
VEH_041,2026-10-08T08:09:00,3.4512949,-76.5175892,57.4,83.74,Simulado
VEH_042,2026-10-08T08:00:00,3.4605964,-76.5462234,8.7,99.95,Simulado
VEH_042,2026-10-08T08:01:00,3.4607309,-76.5460132,26.1,99.8,Simulado
VEH_042,2026-10-08T08:02:00,3.4616285,-76.5462692,42.3,99.56,Simulado
VEH_042,2026-10-08T08:03:00,3.4617764,-76.5462102,47.0,99.29,Simulado
VEH_042,2026-10-08T08:04:00,3.4620755,-76.546711,26.9,99.13,Simulado
VEH_042,2026-10-08T08:05:00,3.4625468,-76.5467129,11.2,99.07,Simulado
VEH_042,2026-10-08T08:06:00,3.4626702,-76.5471894,26.3,98.92,Simulado
VEH_042,2026-10-08T08:07:00,3.4625627,-76.5461966,19.3,98.81,Simulado
VEH_042,2026-10-08T08:08:00,3.4633957,-76.5462142,20.7,98.69,Simulado
VEH_042,2026-10-08T08:09:00,3.4641013,-76.5463102,11.7,98.62,Simulado
VEH_043,2026-10-08T08:00:00,3.4639242,-76.5329556,9.8,38.99,Simulado
VEH_043,2026-10-08T08:01:00,3.4636191,-76.5338257,22.6,38.95,Simulado
VEH_043,2026-10-08T08:02:00,3.4644017,-76.533123,34.8,38.9,Simulado
VEH_043,2026-10-08T08:03:00,3.4652564,-76.5328476,44.1,38.83,Simulado
VEH_043,2026-10-08T08:04:00,3.4652739,-76.5336049,48.7,38.76,Simulado
VEH_043,2026-10-08T08:05:00,3.4645517,-76.5330241,16.1,38.74,Simulado
VEH_043,2026-10-08T08:06:00,3.4646597,-76.5332863,6.4,38.73,Simulado
VEH_043,2026-10-08T08:07:00,3.464763,-76.5330624,49.2,38.66,Simulado
VEH_043,2026-10-08T08:08:00,3.4643816,-76.5320632,9.7,38.64,Simulado
VEH_043,2026-10-08T08:09:00,3.464433,-76.5315249,44.5,38.58,Simulado
VEH_044,2026-10-08T08:00:00,3.4615849,-76.5448875,58.5,88.88,Simulado
VEH_044,2026-10-08T08:01:00,3.4612739,-76.5441316,42.4,88.8,Simulado
VEH_044,2026-10-08T08:02:00,3.4615535,-76.5447677,47.9,88.71,Simulado
VEH_044,2026-10-08T08:03:00,3.4614187,-76.5439463,58.1,88.59,Simulado
VEH_044,2026-10-08T08:04:00,3.460667,-76.5446402,8.0,88.58,Simulado
VEH_044,2026-10-08T08:05:00,3.4603124,-76.5442216,14.1,88.55,Simulado
VEH_044,2026-10-08T08:06:00,3.4611942,-76.5434317,24.0,88.5,Simulado
VEH_044,2026-10-08T08:07:00,3.4606954,-76.5431616,51.5,88.4,Simulado
VEH_044,2026-10-08T08:08:00,3.4599457,-76.5435559,35.3,88.33,Simulado
VEH_044,2026-10-08T08:09:00,3.4599509,-76.5442187,34.3,88.26,Simulado
VEH_045,2026-10-08T08:00:00,3.4652895,-76.5421639,41.2,95.76,Simulado
VEH_045,2026-10-08T08:01:00,3.4654167,-76.5415134,51.3,95.46,Simulado
VEH_045,2026-10-08T08:02:00,3.4645076,-76.5412305,6.6,95.42,Simulado
VEH_045,2026-10-08T08:03:00,3.4648099,-76.5406966,36.7,95.21,Simulado
VEH_045,2026-10-08T08:04:00,3.4650879,-76.5407005,27.9,95.05,Simulado
VEH_045,2026-10-08T08:05:00,3.4646672,-76.5397872,39.5,94.82,Simulado
VEH_045,2026-10-08T08:06:00,3.4652766,-76.5394172,31.6,94.63,Simulado
VEH_045,2026-10-08T08:07:00,3.4644225,-76.5402974,21.4,94.51,Simulado
VEH_045,2026-10-08T08:08:00,3.464391,-76.5408894,29.2,94.34,Simulado
VEH_045,2026-10-08T08:09:00,3.4640162,-76.5404526,38.4,94.12,Simulado
VEH_046,2026-10-08T08:00:00,3.4578875,-76.5214356,58.6,33.57,Simulado
VEH_046,2026-10-08T08:01:00,3.4575258,-76.5215027,35.9,33.31,Simulado
VEH_046,2026-10-08T08:02:00,3.4570216,-76.522309,19.7,33.16,Simulado
VEH_046,2026-10-08T08:03:00,3.4567899,-76.5220783,21.0,33.01,Simulado
VEH_046,2026-10-08T08:04:00,3.4575205,-76.5227589,18.7,32.87,Simulado
VEH_046,2026-10-08T08:05:00,3.4576759,-76.5231334,23.0,32.71,Simulado
VEH_046,2026-10-08T08:06:00,3.4576724,-76.523104,47.0,32.36,Simulado
VEH_046,2026-10-08T08:07:00,3.4572895,-76.5240576,32.4,32.12,Simulado
VEH_046,2026-10-08T08:08:00,3.4573004,-76.5231243,57.0,31.71,Simulado
VEH_046,2026-10-08T08:09:00,3.4570062,-76.5240232,16.8,31.58,Simulado
VEH_047,2026-10-08T08:00:00,3.451388,-76.5204564,41.0,49.98,Simulado
VEH_047,2026-10-08T08:01:00,3.4512499,-76.5196915,51.6,49.96,Simulado
VEH_047,2026-10-08T08:02:00,3.4517776,-76.5199596,45.0,49.94,Simulado
VEH_047,2026-10-08T08:03:00,3.4519181,-76.5205703,27.0,49.93,Simulado
VEH_047,2026-10-08T08:04:00,3.4510652,-76.5205618,35.4,49.91,Simulado
VEH_047,2026-10-08T08:05:00,3.4506246,-76.5195836,47.0,49.89,Simulado
VEH_047,2026-10-08T08:06:00,3.4498623,-76.5186335,42.4,49.87,Simulado
VEH_047,2026-10-08T08:07:00,3.4504521,-76.5189553,26.7,49.86,Simulado
VEH_047,2026-10-08T08:08:00,3.450962,-76.5195572,56.6,49.84,Simulado
VEH_047,2026-10-08T08:09:00,3.4509621,-76.5204666,33.0,49.82,Simulado
VEH_048,2026-10-08T08:00:00,3.4406251,-76.5367963,31.1,29.79,Simulado
VEH_048,2026-10-08T08:01:00,3.440281,-76.5365701,33.4,29.56,Simulado
VEH_048,2026-10-08T08:02:00,3.4412622,-76.5360915,13.9,29.46,Simulado
VEH_048,2026-10-08T08:03:00,3.440935,-76.5354349,21.5,29.32,Simulado
VEH_048,2026-10-08T08:04:00,3.4413525,-76.5358353,34.3,29.08,Simulado
VEH_048,2026-10-08T08:05:00,3.4410892,-76.5354877,49.9,28.74,Simulado
VEH_048,2026-10-08T08:06:00,3.4412566,-76.5348942,58.9,28.34,Simulado
VEH_048,2026-10-08T08:07:00,3.4416327,-76.5358409,44.9,28.03,Simulado
VEH_048,2026-10-08T08:08:00,3.4425668,-76.5352751,31.1,27.82,Simulado
VEH_048,2026-10-08T08:09:00,3.4427221,-76.5348323,47.7,27.49,Simulado
VEH_049,2026-10-08T08:00:00,3.4543452,-76.5412023,39.6,87.73,Simulado
VEH_049,2026-10-08T08:01:00,3.4547066,-76.5421392,13.1,87.64,Simulado
VEH_049,2026-10-08T08:02:00,3.4539264,-76.5431013,57.2,87.24,Simulado
VEH_049,2026-10-08T08:03:00,3.4532293,-76.5427203,22.3,87.09,Simulado
VEH_049,2026-10-08T08:04:00,3.4537792,-76.5418792,27.6,86.89,Simulado
VEH_049,2026-10-08T08:05:00,3.4542509,-76.5427547,53.0,86.53,Simulado
VEH_049,2026-10-08T08:06:00,3.4536656,-76.5431046,12.6,86.44,Simulado
VEH_049,2026-10-08T08:07:00,3.4537165,-76.5434771,41.4,86.15,Simulado
VEH_049,2026-10-08T08:08:00,3.4545408,-76.5437924,14.5,86.05,Simulado
VEH_049,2026-10-08T08:09:00,3.4550848,-76.5433506,24.5,85.88,Simulado
VEH_050,2026-10-08T08:00:00,3.4552838,-76.5267076,38.6,79.92,Simulado
VEH_050,2026-10-08T08:01:00,3.4547335,-76.5257617,35.7,79.86,Simulado
VEH_050,2026-10-08T08:02:00,3.4543115,-76.5263472,21.4,79.81,Simulado
VEH_050,2026-10-08T08:03:00,3.4539456,-76.5266496,43.8,79.73,Simulado
VEH_050,2026-10-08T08:04:00,3.4545364,-76.5271027,56.4,79.62,Simulado
VEH_050,2026-10-08T08:05:00,3.4548897,-76.5273433,11.7,79.6,Simulado
VEH_050,2026-10-08T08:06:00,3.4555264,-76.5264341,58.9,79.48,Simulado
VEH_050,2026-10-08T08:07:00,3.4551073,-76.5268588,49.3,79.38,Simulado
VEH_050,2026-10-08T08:08:00,3.4548001,-76.526974,44.3,79.3,Simulado
VEH_050,2026-10-08T08:09:00,3.4547582,-76.5275699,19.1,79.26,Simulado
VEH_051,2026-10-08T08:00:00,3.4520319,-76.5187779,43.3,52.93,Simulado
VEH_051,2026-10-08T08:01:00,3.4515168,-76.5184383,37.3,52.87,Simulado
VEH_051,2026-10-08T08:02:00,3.4517927,-76.5193333,34.2,52.82,Simulado
VEH_051,2026-10-08T08:03:00,3.4522274,-76.5201322,27.7,52.77,Simulado
VEH_051,2026-10-08T08:04:00,3.4512378,-76.5200315,47.4,52.7,Simulado
VEH_051,2026-10-08T08:05:00,3.4510516,-76.5191614,56.1,52.61,Simulado
VEH_051,2026-10-08T08:06:00,3.4510065,-76.5197625,53.3,52.52,Simulado
VEH_051,2026-10-08T08:07:00,3.4506488,-76.5194707,58.0,52.43,Simulado
VEH_051,2026-10-08T08:08:00,3.4498277,-76.5193224,54.9,52.34,Simulado
VEH_051,2026-10-08T08:09:00,3.450274,-76.5184491,34.4,52.29,Simulado
VEH_052,2026-10-08T08:00:00,3.4633485,-76.5409088,53.5,46.91,Simulado
VEH_052,2026-10-08T08:01:00,3.4631425,-76.540918,59.8,46.8,Simulado
VEH_052,2026-10-08T08:02:00,3.4640667,-76.5400659,56.5,46.7,Simulado
VEH_052,2026-10-08T08:03:00,3.4630853,-76.53993,53.2,46.61,Simulado
VEH_052,2026-10-08T08:04:00,3.4640512,-76.5403609,10.9,46.59,Simulado
VEH_052,2026-10-08T08:05:00,3.4641378,-76.5403731,59.4,46.48,Simulado
VEH_052,2026-10-08T08:06:00,3.46484,-76.540437,56.6,46.38,Simulado
VEH_052,2026-10-08T08:07:00,3.4640653,-76.541112,15.6,46.35,Simulado
VEH_052,2026-10-08T08:08:00,3.4635798,-76.5417396,30.2,46.3,Simulado
VEH_052,2026-10-08T08:09:00,3.4641613,-76.5416041,45.5,46.22,Simulado
VEH_053,2026-10-08T08:00:00,3.4601126,-76.5410812,52.1,58.92,Simulado
VEH_053,2026-10-08T08:01:00,3.459286,-76.5407427,33.3,58.87,Simulado
VEH_053,2026-10-08T08:02:00,3.4585673,-76.5410955,15.2,58.85,Simulado
VEH_053,2026-10-08T08:03:00,3.4580888,-76.5416244,18.6,58.82,Simulado
VEH_053,2026-10-08T08:04:00,3.4589969,-76.5420205,46.5,58.75,Simulado
VEH_053,2026-10-08T08:05:00,3.4580198,-76.5417132,44.8,58.68,Simulado
VEH_053,2026-10-08T08:06:00,3.457144,-76.5424767,43.1,58.62,Simulado
VEH_053,2026-10-08T08:07:00,3.4569549,-76.5424717,21.9,58.59,Simulado
VEH_053,2026-10-08T08:08:00,3.457362,-76.5428497,54.2,58.51,Simulado
VEH_053,2026-10-08T08:09:00,3.4581942,-76.5432596,11.5,58.49,Simulado
VEH_054,2026-10-08T08:00:00,3.4543451,-76.5399307,12.3,75.99,Simulado
VEH_054,2026-10-08T08:01:00,3.4541768,-76.5398322,38.3,75.96,Simulado
VEH_054,2026-10-08T08:02:00,3.4542519,-76.539504,30.9,75.94,Simulado
VEH_054,2026-10-08T08:03:00,3.4537468,-76.5389945,17.0,75.92,Simulado
VEH_054,2026-10-08T08:04:00,3.4529105,-76.539101,53.0,75.88,Simulado
VEH_054,2026-10-08T08:05:00,3.4520667,-76.5389727,43.7,75.85,Simulado
VEH_054,2026-10-08T08:06:00,3.452162,-76.5389617,8.4,75.84,Simulado
VEH_054,2026-10-08T08:07:00,3.4514617,-76.5393055,36.5,75.81,Simulado
VEH_054,2026-10-08T08:08:00,3.4506942,-76.5398947,33.6,75.79,Simulado
VEH_054,2026-10-08T08:09:00,3.4498761,-76.5398739,37.1,75.76,Simulado
VEH_055,2026-10-08T08:00:00,3.4607744,-76.5342816,33.2,34.96,Simulado
VEH_055,2026-10-08T08:01:00,3.4613882,-76.533835,30.4,34.92,Simulado
VEH_055,2026-10-08T08:02:00,3.4620211,-76.5333434,26.8,34.89,Simulado
VEH_055,2026-10-08T08:03:00,3.4611117,-76.5336543,36.8,34.85,Simulado
VEH_055,2026-10-08T08:04:00,3.4620999,-76.5327852,8.5,34.84,Simulado
VEH_055,2026-10-08T08:05:00,3.4629675,-76.5337217,8.8,34.83,Simulado
VEH_055,2026-10-08T08:06:00,3.4635054,-76.53319,27.5,34.79,Simulado
VEH_055,2026-10-08T08:07:00,3.4637972,-76.5333493,58.8,34.72,Simulado
VEH_055,2026-10-08T08:08:00,3.4635621,-76.5326101,59.6,34.65,Simulado
VEH_055,2026-10-08T08:09:00,3.4633134,-76.5322446,54.9,34.59,Simulado
VEH_056,2026-10-08T08:00:00,3.4561493,-76.531464,40.9,62.79,Simulado
VEH_056,2026-10-08T08:01:00,3.456207,-76.5310083,34.5,62.62,Simulado
VEH_056,2026-10-08T08:02:00,3.4552139,-76.5319629,17.2,62.53,Simulado
VEH_056,2026-10-08T08:03:00,3.4555609,-76.531874,21.4,62.42,Simulado
VEH_056,2026-10-08T08:04:00,3.4562077,-76.5323789,34.3,62.25,Simulado
VEH_056,2026-10-08T08:05:00,3.455759,-76.5315041,24.0,62.13,Simulado
VEH_056,2026-10-08T08:06:00,3.4549847,-76.5308852,44.9,61.9,Simulado
VEH_056,2026-10-08T08:07:00,3.4555168,-76.5301177,28.1,61.76,Simulado
VEH_056,2026-10-08T08:08:00,3.4549289,-76.5309159,5.9,61.73,Simulado
VEH_056,2026-10-08T08:09:00,3.4551245,-76.5305093,6.8,61.7,Simulado
VEH_057,2026-10-08T08:00:00,3.437529,-76.5253492,27.1,94.96,Simulado
VEH_057,2026-10-08T08:01:00,3.4366419,-76.5253414,52.5,94.89,Simulado
VEH_057,2026-10-08T08:02:00,3.4372734,-76.5248784,20.9,94.86,Simulado
VEH_057,2026-10-08T08:03:00,3.4374693,-76.5245333,22.5,94.83,Simulado
VEH_057,2026-10-08T08:04:00,3.4370728,-76.5252468,22.6,94.8,Simulado
VEH_057,2026-10-08T08:05:00,3.4365149,-76.5256458,41.3,94.75,Simulado
VEH_057,2026-10-08T08:06:00,3.4374119,-76.5248864,8.4,94.74,Simulado
VEH_057,2026-10-08T08:07:00,3.4376639,-76.525032,55.1,94.66,Simulado
VEH_057,2026-10-08T08:08:00,3.4386085,-76.5241488,32.3,94.62,Simulado
VEH_057,2026-10-08T08:09:00,3.4391801,-76.5245113,41.9,94.56,Simulado
VEH_058,2026-10-08T08:00:00,3.4495986,-76.5425764,25.7,99.87,Simulado
VEH_058,2026-10-08T08:01:00,3.4492,-76.5421613,51.7,99.6,Simulado
VEH_058,2026-10-08T08:02:00,3.4500295,-76.5420365,49.3,99.35,Simulado
VEH_058,2026-10-08T08:03:00,3.4501441,-76.5427683,58.2,99.05,Simulado
VEH_058,2026-10-08T08:04:00,3.4495508,-76.5424749,18.4,98.95,Simulado
VEH_058,2026-10-08T08:05:00,3.450245,-76.54329,55.7,98.67,Simulado
VEH_058,2026-10-08T08:06:00,3.449626,-76.5437531,44.9,98.43,Simulado
VEH_058,2026-10-08T08:07:00,3.4498318,-76.5430058,42.1,98.22,Simulado
VEH_058,2026-10-08T08:08:00,3.4503552,-76.5425572,15.3,98.14,Simulado
VEH_058,2026-10-08T08:09:00,3.450314,-76.5418183,35.7,97.96,Simulado
VEH_059,2026-10-08T08:00:00,3.4474632,-76.5173653,5.8,23.96,Simulado
VEH_059,2026-10-08T08:01:00,3.4484624,-76.5174074,11.5,23.88,Simulado
VEH_059,2026-10-08T08:02:00,3.4486712,-76.5179984,18.3,23.75,Simulado
VEH_059,2026-10-08T08:03:00,3.4487754,-76.5174474,55.3,23.35,Simulado
VEH_059,2026-10-08T08:04:00,3.4488427,-76.5177288,25.9,23.16,Simulado
VEH_059,2026-10-08T08:05:00,3.4488683,-76.5177343,19.4,23.03,Simulado
VEH_059,2026-10-08T08:06:00,3.4498309,-76.5177953,10.4,22.95,Simulado
VEH_059,2026-10-08T08:07:00,3.4506596,-76.5180539,51.2,22.59,Simulado
VEH_059,2026-10-08T08:08:00,3.4507846,-76.5186113,27.8,22.39,Simulado
VEH_059,2026-10-08T08:09:00,3.4503062,-76.5177418,13.0,22.29,Simulado
VEH_060,2026-10-08T08:00:00,3.453634,-76.534713,13.4,84.92,Simulado
VEH_060,2026-10-08T08:01:00,3.4536326,-76.5344038,50.8,84.64,Simulado
VEH_060,2026-10-08T08:02:00,3.4531473,-76.5337606,42.7,84.4,Simulado
VEH_060,2026-10-08T08:03:00,3.4534307,-76.5337794,58.2,84.08,Simulado
VEH_060,2026-10-08T08:04:00,3.4540206,-76.5344409,14.3,84.0,Simulado
VEH_060,2026-10-08T08:05:00,3.4539972,-76.5336071,44.6,83.75,Simulado
VEH_060,2026-10-08T08:06:00,3.4542809,-76.5344896,34.8,83.55,Simulado
VEH_060,2026-10-08T08:07:00,3.4549743,-76.5335992,6.9,83.51,Simulado
VEH_060,2026-10-08T08:08:00,3.4555029,-76.5337744,41.8,83.28,Simulado
VEH_060,2026-10-08T08:09:00,3.4549658,-76.5333601,51.3,82.99,Simulado
VEH_061,2026-10-08T08:00:00,3.4371099,-76.5314945,25.5,46.96,Simulado
VEH_061,2026-10-08T08:01:00,3.4370763,-76.5315188,38.9,46.91,Simulado
VEH_061,2026-10-08T08:02:00,3.4371796,-76.5324951,5.4,46.9,Simulado
VEH_061,2026-10-08T08:03:00,3.4367291,-76.5315401,34.1,46.85,Simulado
VEH_061,2026-10-08T08:04:00,3.4373554,-76.5311921,5.9,46.84,Simulado
VEH_061,2026-10-08T08:05:00,3.438175,-76.531978,49.3,46.77,Simulado
VEH_061,2026-10-08T08:06:00,3.4374727,-76.5325942,10.3,46.75,Simulado
VEH_061,2026-10-08T08:07:00,3.4381032,-76.5330595,34.0,46.71,Simulado
VEH_061,2026-10-08T08:08:00,3.4378493,-76.5332475,26.8,46.67,Simulado
VEH_061,2026-10-08T08:09:00,3.4388297,-76.5337958,36.1,46.61,Simulado
VEH_062,2026-10-08T08:00:00,3.4578377,-76.5210448,41.0,50.93,Simulado
VEH_062,2026-10-08T08:01:00,3.4575962,-76.5209394,10.1,50.92,Simulado
VEH_062,2026-10-08T08:02:00,3.4566151,-76.5215966,8.1,50.9,Simulado
VEH_062,2026-10-08T08:03:00,3.4564829,-76.5210279,32.5,50.85,Simulado
VEH_062,2026-10-08T08:04:00,3.4571989,-76.5218372,36.1,50.79,Simulado
VEH_062,2026-10-08T08:05:00,3.456284,-76.5224143,34.0,50.73,Simulado
VEH_062,2026-10-08T08:06:00,3.4570591,-76.5224633,52.7,50.65,Simulado
VEH_062,2026-10-08T08:07:00,3.4562078,-76.5216122,7.6,50.63,Simulado
VEH_062,2026-10-08T08:08:00,3.4563348,-76.5225464,54.5,50.54,Simulado
VEH_062,2026-10-08T08:09:00,3.4559638,-76.5216234,56.1,50.45,Simulado
VEH_063,2026-10-08T08:00:00,3.4540077,-76.5252785,44.2,43.95,Simulado
VEH_063,2026-10-08T08:01:00,3.4534886,-76.5246092,13.9,43.94,Simulado
VEH_063,2026-10-08T08:02:00,3.4542817,-76.5249457,26.4,43.91,Simulado
VEH_063,2026-10-08T08:03:00,3.4535616,-76.5239688,46.6,43.86,Simulado
VEH_063,2026-10-08T08:04:00,3.4535632,-76.5230201,44.8,43.81,Simulado
VEH_063,2026-10-08T08:05:00,3.4534373,-76.5223428,8.0,43.8,Simulado
VEH_063,2026-10-08T08:06:00,3.4539753,-76.5214331,23.7,43.78,Simulado
VEH_063,2026-10-08T08:07:00,3.4545225,-76.5223738,26.8,43.75,Simulado
VEH_063,2026-10-08T08:08:00,3.4555076,-76.5223926,20.0,43.72,Simulado
VEH_063,2026-10-08T08:09:00,3.4563899,-76.5225289,24.6,43.7,Simulado
VEH_064,2026-10-08T08:00:00,3.4572281,-76.5265837,9.7,64.99,Simulado
VEH_064,2026-10-08T08:01:00,3.4563922,-76.5272753,44.2,64.93,Simulado
VEH_064,2026-10-08T08:02:00,3.45666,-76.526796,44.1,64.87,Simulado
VEH_064,2026-10-08T08:03:00,3.4558731,-76.5277856,22.4,64.84,Simulado
VEH_064,2026-10-08T08:04:00,3.4555929,-76.5282461,22.0,64.81,Simulado
VEH_064,2026-10-08T08:05:00,3.4549677,-76.5283484,12.3,64.79,Simulado
VEH_064,2026-10-08T08:06:00,3.4547838,-76.5292958,35.5,64.74,Simulado
VEH_064,2026-10-08T08:07:00,3.4539699,-76.5290998,24.5,64.71,Simulado
VEH_064,2026-10-08T08:08:00,3.4537404,-76.5295161,22.8,64.68,Simulado
VEH_064,2026-10-08T08:09:00,3.4529098,-76.5287138,26.3,64.64,Simulado
VEH_065,2026-10-08T08:00:00,3.4630954,-76.5178933,36.5,25.94,Simulado
VEH_065,2026-10-08T08:01:00,3.4626977,-76.5179071,12.6,25.92,Simulado
VEH_065,2026-10-08T08:02:00,3.462567,-76.5180649,8.5,25.91,Simulado
VEH_065,2026-10-08T08:03:00,3.4617209,-76.5185615,31.6,25.86,Simulado
VEH_065,2026-10-08T08:04:00,3.4619709,-76.5183739,18.6,25.83,Simulado
VEH_065,2026-10-08T08:05:00,3.4611849,-76.5187646,15.8,25.81,Simulado
VEH_065,2026-10-08T08:06:00,3.4608493,-76.5185242,57.2,25.72,Simulado
VEH_065,2026-10-08T08:07:00,3.4605084,-76.5188547,49.2,25.64,Simulado
VEH_065,2026-10-08T08:08:00,3.4612274,-76.5179063,49.9,25.56,Simulado
VEH_065,2026-10-08T08:09:00,3.4608687,-76.5170117,12.5,25.54,Simulado
VEH_066,2026-10-08T08:00:00,3.443563,-76.5379916,58.1,26.65,Simulado
VEH_066,2026-10-08T08:01:00,3.443545,-76.5378398,43.2,26.39,Simulado
VEH_066,2026-10-08T08:02:00,3.4432971,-76.5372069,18.3,26.28,Simulado
VEH_066,2026-10-08T08:03:00,3.4425249,-76.5370792,26.6,26.12,Simulado
VEH_066,2026-10-08T08:04:00,3.4426162,-76.5367157,37.6,25.9,Simulado
VEH_066,2026-10-08T08:05:00,3.4435222,-76.5367925,35.3,25.69,Simulado
VEH_066,2026-10-08T08:06:00,3.4433991,-76.5372098,44.0,25.42,Simulado
VEH_066,2026-10-08T08:07:00,3.444037,-76.5366185,43.1,25.16,Simulado
VEH_066,2026-10-08T08:08:00,3.4440356,-76.5363518,27.5,25.0,Simulado
VEH_066,2026-10-08T08:09:00,3.4443529,-76.5359214,18.3,24.89,Simulado
VEH_067,2026-10-08T08:00:00,3.4602308,-76.5449794,59.5,32.97,Simulado
VEH_067,2026-10-08T08:01:00,3.4610716,-76.544596,32.9,32.95,Simulado
VEH_067,2026-10-08T08:02:00,3.461653,-76.544877,34.9,32.93,Simulado
VEH_067,2026-10-08T08:03:00,3.4617268,-76.5446006,54.3,32.91,Simulado
VEH_067,2026-10-08T08:04:00,3.4622647,-76.5442854,9.7,32.9,Simulado
VEH_067,2026-10-08T08:05:00,3.4625587,-76.5451968,24.5,32.89,Simulado
VEH_067,2026-10-08T08:06:00,3.4629137,-76.5453976,59.1,32.86,Simulado
VEH_067,2026-10-08T08:07:00,3.4638451,-76.5455367,46.4,32.83,Simulado
VEH_067,2026-10-08T08:08:00,3.4633626,-76.5455153,5.6,32.83,Simulado
VEH_067,2026-10-08T08:09:00,3.4635236,-76.5453648,33.5,32.81,Simulado
VEH_068,2026-10-08T08:00:00,3.4501505,-76.535265,47.5,87.93,Simulado
VEH_068,2026-10-08T08:01:00,3.4491997,-76.5360559,24.0,87.89,Simulado
VEH_068,2026-10-08T08:02:00,3.4501231,-76.5368238,27.9,87.85,Simulado
VEH_068,2026-10-08T08:03:00,3.4494065,-76.5372,56.7,87.76,Simulado
VEH_068,2026-10-08T08:04:00,3.4488202,-76.5372342,30.0,87.71,Simulado
VEH_068,2026-10-08T08:05:00,3.4486965,-76.5368406,31.2,87.67,Simulado
VEH_068,2026-10-08T08:06:00,3.4482971,-76.5362203,22.5,87.63,Simulado
VEH_068,2026-10-08T08:07:00,3.4489954,-76.5359243,11.3,87.61,Simulado
VEH_068,2026-10-08T08:08:00,3.4483241,-76.5349565,42.2,87.55,Simulado
VEH_068,2026-10-08T08:09:00,3.447673,-76.5356363,18.4,87.52,Simulado
VEH_069,2026-10-08T08:00:00,3.4532056,-76.5188772,17.8,42.98,Simulado
VEH_069,2026-10-08T08:01:00,3.4530698,-76.5198188,40.2,42.93,Simulado
VEH_069,2026-10-08T08:02:00,3.4524645,-76.5196344,38.8,42.88,Simulado
VEH_069,2026-10-08T08:03:00,3.452874,-76.5202229,26.4,42.85,Simulado
VEH_069,2026-10-08T08:04:00,3.4534914,-76.5210977,46.4,42.79,Simulado
VEH_069,2026-10-08T08:05:00,3.4542354,-76.5217238,10.6,42.78,Simulado
VEH_069,2026-10-08T08:06:00,3.4541505,-76.5221991,22.9,42.75,Simulado
VEH_069,2026-10-08T08:07:00,3.4542059,-76.5219209,52.4,42.68,Simulado
VEH_069,2026-10-08T08:08:00,3.4544285,-76.5217469,37.8,42.64,Simulado
VEH_069,2026-10-08T08:09:00,3.4551196,-76.5215122,24.1,42.61,Simulado
VEH_070,2026-10-08T08:00:00,3.4612411,-76.5266508,21.4,28.97,Simulado
VEH_070,2026-10-08T08:01:00,3.4604768,-76.5270401,12.4,28.95,Simulado
VEH_070,2026-10-08T08:02:00,3.4608637,-76.5270184,15.1,28.93,Simulado
VEH_070,2026-10-08T08:03:00,3.4601394,-76.527251,28.0,28.88,Simulado
VEH_070,2026-10-08T08:04:00,3.4604105,-76.5268641,15.2,28.86,Simulado
VEH_070,2026-10-08T08:05:00,3.4614103,-76.5267543,40.5,28.8,Simulado
VEH_070,2026-10-08T08:06:00,3.4606908,-76.5271252,31.9,28.75,Simulado
VEH_070,2026-10-08T08:07:00,3.4597981,-76.5274071,29.8,28.7,Simulado
VEH_070,2026-10-08T08:08:00,3.4590711,-76.5267767,5.5,28.69,Simulado
VEH_070,2026-10-08T08:09:00,3.459082,-76.5267867,58.0,28.6,Simulado
VEH_071,2026-10-08T08:00:00,3.4571183,-76.5353657,51.2,25.66,Simulado
VEH_071,2026-10-08T08:01:00,3.4576404,-76.5357816,6.7,25.62,Simulado
VEH_071,2026-10-08T08:02:00,3.4577156,-76.5364451,20.1,25.48,Simulado
VEH_071,2026-10-08T08:03:00,3.4582007,-76.5359133,30.2,25.28,Simulado
VEH_071,2026-10-08T08:04:00,3.4574271,-76.5366849,35.2,25.05,Simulado
VEH_071,2026-10-08T08:05:00,3.4580737,-76.5369512,47.6,24.73,Simulado
VEH_071,2026-10-08T08:06:00,3.4571569,-76.5365132,50.2,24.4,Simulado
VEH_071,2026-10-08T08:07:00,3.4581364,-76.5373084,35.0,24.17,Simulado
VEH_071,2026-10-08T08:08:00,3.4586391,-76.537713,50.7,23.83,Simulado
VEH_071,2026-10-08T08:09:00,3.4585386,-76.5380158,60.0,23.43,Simulado
VEH_072,2026-10-08T08:00:00,3.4616531,-76.534354,59.7,30.56,Simulado
VEH_072,2026-10-08T08:01:00,3.461829,-76.5346527,49.6,30.2,Simulado
VEH_072,2026-10-08T08:02:00,3.4620945,-76.5353208,44.1,29.88,Simulado
VEH_072,2026-10-08T08:03:00,3.4615077,-76.5359069,12.7,29.78,Simulado
VEH_072,2026-10-08T08:04:00,3.4612094,-76.5363447,8.3,29.72,Simulado
VEH_072,2026-10-08T08:05:00,3.4608567,-76.5359366,34.6,29.47,Simulado
VEH_072,2026-10-08T08:06:00,3.4603914,-76.5352206,20.9,29.32,Simulado
VEH_072,2026-10-08T08:07:00,3.46075,-76.5360301,59.2,28.88,Simulado
VEH_072,2026-10-08T08:08:00,3.4613214,-76.5351926,58.0,28.46,Simulado
VEH_072,2026-10-08T08:09:00,3.4620554,-76.5359388,59.6,28.02,Simulado
VEH_073,2026-10-08T08:00:00,3.4632393,-76.5389867,44.1,40.93,Simulado
VEH_073,2026-10-08T08:01:00,3.4632182,-76.5388319,42.2,40.87,Simulado
VEH_073,2026-10-08T08:02:00,3.4630467,-76.5389279,19.8,40.84,Simulado
VEH_073,2026-10-08T08:03:00,3.4638069,-76.5397417,39.8,40.78,Simulado
VEH_073,2026-10-08T08:04:00,3.4633634,-76.538869,33.4,40.73,Simulado
VEH_073,2026-10-08T08:05:00,3.4642639,-76.5392145,25.3,40.69,Simulado
VEH_073,2026-10-08T08:06:00,3.4648122,-76.538749,5.1,40.69,Simulado
VEH_073,2026-10-08T08:07:00,3.4647291,-76.5384207,45.2,40.62,Simulado
VEH_073,2026-10-08T08:08:00,3.4638557,-76.5383519,24.7,40.58,Simulado
VEH_073,2026-10-08T08:09:00,3.463715,-76.5389282,17.0,40.56,Simulado
VEH_074,2026-10-08T08:00:00,3.444812,-76.5220174,23.6,46.96,Simulado
VEH_074,2026-10-08T08:01:00,3.4444995,-76.5216523,31.7,46.91,Simulado
VEH_074,2026-10-08T08:02:00,3.4436986,-76.5210845,7.7,46.89,Simulado
VEH_074,2026-10-08T08:03:00,3.4429471,-76.5203692,30.3,46.84,Simulado
VEH_074,2026-10-08T08:04:00,3.4419484,-76.5194532,29.3,46.79,Simulado
VEH_074,2026-10-08T08:05:00,3.4423256,-76.5201893,16.1,46.76,Simulado
VEH_074,2026-10-08T08:06:00,3.4416436,-76.5193239,40.7,46.69,Simulado
VEH_074,2026-10-08T08:07:00,3.4419527,-76.5198231,20.1,46.66,Simulado
VEH_074,2026-10-08T08:08:00,3.4427603,-76.5204921,25.5,46.61,Simulado
VEH_074,2026-10-08T08:09:00,3.4423714,-76.5200932,26.8,46.57,Simulado
VEH_075,2026-10-08T08:00:00,3.4426265,-76.5273818,43.7,40.74,Simulado
VEH_075,2026-10-08T08:01:00,3.4420789,-76.5270219,12.3,40.67,Simulado
VEH_075,2026-10-08T08:02:00,3.4424701,-76.5263876,5.5,40.63,Simulado
VEH_075,2026-10-08T08:03:00,3.4423147,-76.5271233,59.3,40.28,Simulado
VEH_075,2026-10-08T08:04:00,3.4420808,-76.5266618,8.9,40.23,Simulado
VEH_075,2026-10-08T08:05:00,3.4417075,-76.5258998,10.6,40.17,Simulado
VEH_075,2026-10-08T08:06:00,3.4422545,-76.5253935,12.5,40.09,Simulado
VEH_075,2026-10-08T08:07:00,3.4432403,-76.5261078,12.3,40.02,Simulado
VEH_075,2026-10-08T08:08:00,3.4422573,-76.5258077,34.2,39.81,Simulado
VEH_075,2026-10-08T08:09:00,3.4427021,-76.5255516,29.2,39.64,Simulado
VEH_076,2026-10-08T08:00:00,3.4418611,-76.5354753,42.8,52.92,Simulado
VEH_076,2026-10-08T08:01:00,3.442366,-76.5352962,10.5,52.91,Simulado
VEH_076,2026-10-08T08:02:00,3.4432925,-76.5356672,26.1,52.86,Simulado
VEH_076,2026-10-08T08:03:00,3.4428465,-76.5364987,12.7,52.84,Simulado
VEH_076,2026-10-08T08:04:00,3.4430465,-76.5362835,35.4,52.77,Simulado
VEH_076,2026-10-08T08:05:00,3.4434274,-76.5355877,47.8,52.69,Simulado
VEH_076,2026-10-08T08:06:00,3.4430307,-76.5355522,41.2,52.62,Simulado
VEH_076,2026-10-08T08:07:00,3.4435264,-76.5359611,33.0,52.56,Simulado
VEH_076,2026-10-08T08:08:00,3.4443223,-76.5350518,8.0,52.55,Simulado
VEH_076,2026-10-08T08:09:00,3.4435477,-76.5350526,32.2,52.49,Simulado
VEH_077,2026-10-08T08:00:00,3.4553917,-76.5302836,58.8,55.92,Simulado
VEH_077,2026-10-08T08:01:00,3.4561133,-76.5301468,12.3,55.9,Simulado
VEH_077,2026-10-08T08:02:00,3.4564792,-76.5296213,25.1,55.87,Simulado
VEH_077,2026-10-08T08:03:00,3.4570199,-76.530588,57.5,55.79,Simulado
VEH_077,2026-10-08T08:04:00,3.4565443,-76.5315083,8.7,55.78,Simulado
VEH_077,2026-10-08T08:05:00,3.4571229,-76.5314951,8.3,55.77,Simulado
VEH_077,2026-10-08T08:06:00,3.457125,-76.5316642,39.6,55.72,Simulado
VEH_077,2026-10-08T08:07:00,3.4562898,-76.5315911,43.6,55.66,Simulado
VEH_077,2026-10-08T08:08:00,3.4558447,-76.5319713,38.9,55.6,Simulado
VEH_077,2026-10-08T08:09:00,3.4552511,-76.5313552,33.1,55.56,Simulado
VEH_078,2026-10-08T08:00:00,3.4533608,-76.5349159,39.9,38.95,Simulado
VEH_078,2026-10-08T08:01:00,3.4537581,-76.534456,8.6,38.94,Simulado
VEH_078,2026-10-08T08:02:00,3.4528739,-76.5352836,51.6,38.88,Simulado
VEH_078,2026-10-08T08:03:00,3.4527807,-76.5350659,28.9,38.85,Simulado
VEH_078,2026-10-08T08:04:00,3.4532641,-76.5345846,22.0,38.83,Simulado
VEH_078,2026-10-08T08:05:00,3.4536799,-76.5341816,11.6,38.81,Simulado
VEH_078,2026-10-08T08:06:00,3.4545859,-76.5341356,14.0,38.8,Simulado
VEH_078,2026-10-08T08:07:00,3.4550274,-76.5348017,48.1,38.74,Simulado
VEH_078,2026-10-08T08:08:00,3.4555897,-76.5352642,12.0,38.73,Simulado
VEH_078,2026-10-08T08:09:00,3.4561325,-76.5362054,53.8,38.67,Simulado
VEH_079,2026-10-08T08:00:00,3.4612379,-76.5386873,8.5,26.99,Simulado
VEH_079,2026-10-08T08:01:00,3.4611483,-76.538967,9.2,26.97,Simulado
VEH_079,2026-10-08T08:02:00,3.461282,-76.5392317,32.5,26.92,Simulado
VEH_079,2026-10-08T08:03:00,3.4604879,-76.5390838,19.0,26.89,Simulado
VEH_079,2026-10-08T08:04:00,3.4599447,-76.5390662,44.8,26.81,Simulado
VEH_079,2026-10-08T08:05:00,3.4606705,-76.5395771,7.4,26.8,Simulado
VEH_079,2026-10-08T08:06:00,3.4604365,-76.5402769,30.9,26.75,Simulado
VEH_079,2026-10-08T08:07:00,3.4611515,-76.5401712,56.2,26.66,Simulado
VEH_079,2026-10-08T08:08:00,3.4616328,-76.5403324,55.3,26.56,Simulado
VEH_079,2026-10-08T08:09:00,3.4614653,-76.5398919,22.7,26.53,Simulado
VEH_080,2026-10-08T08:00:00,3.4447418,-76.5438595,25.5,59.87,Simulado
VEH_080,2026-10-08T08:01:00,3.4453505,-76.5428967,14.9,59.79,Simulado
VEH_080,2026-10-08T08:02:00,3.4444883,-76.5429665,57.5,59.5,Simulado
VEH_080,2026-10-08T08:03:00,3.445178,-76.5433119,20.5,59.39,Simulado
VEH_080,2026-10-08T08:04:00,3.444194,-76.5439105,35.4,59.21,Simulado
VEH_080,2026-10-08T08:05:00,3.4438018,-76.5436651,36.0,59.02,Simulado
VEH_080,2026-10-08T08:06:00,3.4439852,-76.5436784,30.5,58.87,Simulado
VEH_080,2026-10-08T08:07:00,3.443376,-76.5428775,47.5,58.62,Simulado
VEH_080,2026-10-08T08:08:00,3.4428663,-76.5438647,46.8,58.38,Simulado
VEH_080,2026-10-08T08:09:00,3.4423323,-76.5441719,27.6,58.24,Simulado
VEH_081,2026-10-08T08:00:00,3.4607901,-76.5203694,57.3,83.9,Simulado
VEH_081,2026-10-08T08:01:00,3.4612446,-76.5211615,51.7,83.81,Simulado
VEH_081,2026-10-08T08:02:00,3.4607209,-76.5211775,34.1,83.75,Simulado
VEH_081,2026-10-08T08:03:00,3.4617148,-76.5207542,8.3,83.73,Simulado
VEH_081,2026-10-08T08:04:00,3.4625574,-76.5199596,10.1,83.71,Simulado
VEH_081,2026-10-08T08:05:00,3.4629591,-76.5202146,33.6,83.66,Simulado
VEH_081,2026-10-08T08:06:00,3.4621289,-76.5210235,58.6,83.55,Simulado
VEH_081,2026-10-08T08:07:00,3.4627688,-76.5218738,12.3,83.53,Simulado
VEH_081,2026-10-08T08:08:00,3.4626388,-76.5209454,36.2,83.47,Simulado
VEH_081,2026-10-08T08:09:00,3.4621607,-76.5213153,18.0,83.43,Simulado
VEH_082,2026-10-08T08:00:00,3.4602606,-76.5264343,45.4,26.91,Simulado
VEH_082,2026-10-08T08:01:00,3.459666,-76.5258744,9.1,26.89,Simulado
VEH_082,2026-10-08T08:02:00,3.4589769,-76.5265457,37.2,26.82,Simulado
VEH_082,2026-10-08T08:03:00,3.4587899,-76.5264738,30.6,26.76,Simulado
VEH_082,2026-10-08T08:04:00,3.4582052,-76.5268572,58.1,26.65,Simulado
VEH_082,2026-10-08T08:05:00,3.457445,-76.527542,19.6,26.61,Simulado
VEH_082,2026-10-08T08:06:00,3.4580978,-76.5271482,42.7,26.52,Simulado
VEH_082,2026-10-08T08:07:00,3.4587696,-76.5274927,7.2,26.51,Simulado
VEH_082,2026-10-08T08:08:00,3.4582661,-76.5277812,10.0,26.49,Simulado
VEH_082,2026-10-08T08:09:00,3.4586204,-76.5282608,33.2,26.42,Simulado
VEH_083,2026-10-08T08:00:00,3.4662247,-76.5455714,27.2,42.86,Simulado
VEH_083,2026-10-08T08:01:00,3.4661488,-76.5449636,18.7,42.76,Simulado
VEH_083,2026-10-08T08:02:00,3.4651727,-76.5443028,12.7,42.7,Simulado
VEH_083,2026-10-08T08:03:00,3.4644341,-76.5436555,59.0,42.39,Simulado
VEH_083,2026-10-08T08:04:00,3.4646947,-76.5433661,25.5,42.26,Simulado
VEH_083,2026-10-08T08:05:00,3.4642124,-76.5427406,37.0,42.07,Simulado
VEH_083,2026-10-08T08:06:00,3.4633413,-76.5419356,6.2,42.04,Simulado
VEH_083,2026-10-08T08:07:00,3.4625989,-76.5411255,29.4,41.89,Simulado
VEH_083,2026-10-08T08:08:00,3.462262,-76.5420401,50.6,41.62,Simulado
VEH_083,2026-10-08T08:09:00,3.461598,-76.5418923,30.4,41.47,Simulado
VEH_084,2026-10-08T08:00:00,3.461617,-76.5358044,6.6,49.96,Simulado
VEH_084,2026-10-08T08:01:00,3.4609913,-76.5362447,16.8,49.86,Simulado
VEH_084,2026-10-08T08:02:00,3.4600606,-76.5360064,53.6,49.54,Simulado
VEH_084,2026-10-08T08:03:00,3.4596508,-76.5361824,18.5,49.43,Simulado
VEH_084,2026-10-08T08:04:00,3.4587728,-76.5366228,35.3,49.21,Simulado
VEH_084,2026-10-08T08:05:00,3.4581717,-76.5358535,12.5,49.14,Simulado
VEH_084,2026-10-08T08:06:00,3.4584332,-76.5352492,33.9,48.93,Simulado
VEH_084,2026-10-08T08:07:00,3.459412,-76.5346854,48.7,48.64,Simulado
VEH_084,2026-10-08T08:08:00,3.459501,-76.534716,24.8,48.49,Simulado
VEH_084,2026-10-08T08:09:00,3.4595058,-76.5349392,55.2,48.16,Simulado
VEH_085,2026-10-08T08:00:00,3.442786,-76.5368766,17.0,93.97,Simulado
VEH_085,2026-10-08T08:01:00,3.4437691,-76.5368177,8.2,93.96,Simulado
VEH_085,2026-10-08T08:02:00,3.4447683,-76.5358698,47.2,93.88,Simulado
VEH_085,2026-10-08T08:03:00,3.445082,-76.5363367,10.5,93.86,Simulado
VEH_085,2026-10-08T08:04:00,3.4459165,-76.5372249,49.9,93.78,Simulado
VEH_085,2026-10-08T08:05:00,3.4453554,-76.5365319,59.8,93.68,Simulado
VEH_085,2026-10-08T08:06:00,3.445065,-76.5358534,48.9,93.6,Simulado
VEH_085,2026-10-08T08:07:00,3.4444172,-76.5356684,51.5,93.51,Simulado
VEH_085,2026-10-08T08:08:00,3.4448124,-76.5348404,49.3,93.43,Simulado
VEH_085,2026-10-08T08:09:00,3.4452135,-76.5339453,6.6,93.42,Simulado
VEH_086,2026-10-08T08:00:00,3.4544842,-76.5293435,15.4,72.9,Simulado
VEH_086,2026-10-08T08:01:00,3.4541023,-76.5293626,32.1,72.68,Simulado
VEH_086,2026-10-08T08:02:00,3.4535676,-76.529925,10.0,72.62,Simulado
VEH_086,2026-10-08T08:03:00,3.4525689,-76.5290892,34.0,72.39,Simulado
VEH_086,2026-10-08T08:04:00,3.4518299,-76.5286553,16.1,72.28,Simulado
VEH_086,2026-10-08T08:05:00,3.4525185,-76.5290081,55.5,71.92,Simulado
VEH_086,2026-10-08T08:06:00,3.4526917,-76.5281737,6.2,71.87,Simulado
VEH_086,2026-10-08T08:07:00,3.4533847,-76.5274524,47.6,71.56,Simulado
VEH_086,2026-10-08T08:08:00,3.4531318,-76.5265685,57.8,71.17,Simulado
VEH_086,2026-10-08T08:09:00,3.4523339,-76.526965,26.8,71.0,Simulado
VEH_087,2026-10-08T08:00:00,3.4412772,-76.5413536,57.2,52.97,Simulado
VEH_087,2026-10-08T08:01:00,3.4406256,-76.5404161,40.7,52.95,Simulado
VEH_087,2026-10-08T08:02:00,3.4414833,-76.5398421,43.1,52.93,Simulado
VEH_087,2026-10-08T08:03:00,3.4416612,-76.5404914,17.3,52.92,Simulado
VEH_087,2026-10-08T08:04:00,3.4420382,-76.5412367,21.9,52.91,Simulado
VEH_087,2026-10-08T08:05:00,3.4429358,-76.5403393,45.1,52.89,Simulado
VEH_087,2026-10-08T08:06:00,3.4439244,-76.5394089,26.5,52.87,Simulado
VEH_087,2026-10-08T08:07:00,3.4441291,-76.5385668,6.8,52.87,Simulado
VEH_087,2026-10-08T08:08:00,3.4435709,-76.5384357,58.2,52.84,Simulado
VEH_087,2026-10-08T08:09:00,3.4428522,-76.5379451,56.5,52.81,Simulado
VEH_088,2026-10-08T08:00:00,3.4445105,-76.5183512,14.2,49.99,Simulado
VEH_088,2026-10-08T08:01:00,3.4447887,-76.5175779,44.0,49.97,Simulado
VEH_088,2026-10-08T08:02:00,3.4443191,-76.5180788,29.6,49.95,Simulado
VEH_088,2026-10-08T08:03:00,3.4438325,-76.5188627,8.7,49.95,Simulado
VEH_088,2026-10-08T08:04:00,3.4436043,-76.5183975,5.1,49.95,Simulado
VEH_088,2026-10-08T08:05:00,3.4443734,-76.5184114,58.3,49.91,Simulado
VEH_088,2026-10-08T08:06:00,3.4444655,-76.5192085,25.8,49.9,Simulado
VEH_088,2026-10-08T08:07:00,3.4451936,-76.5189066,31.4,49.88,Simulado
VEH_088,2026-10-08T08:08:00,3.4445189,-76.5197592,42.8,49.86,Simulado
VEH_088,2026-10-08T08:09:00,3.4441087,-76.5201217,51.5,49.83,Simulado
VEH_089,2026-10-08T08:00:00,3.4649008,-76.54431,14.4,57.98,Simulado
VEH_089,2026-10-08T08:01:00,3.465697,-76.5451238,35.1,57.92,Simulado
VEH_089,2026-10-08T08:02:00,3.4659243,-76.5451583,37.7,57.86,Simulado
VEH_089,2026-10-08T08:03:00,3.4668092,-76.5458283,6.7,57.85,Simulado
VEH_089,2026-10-08T08:04:00,3.4661234,-76.5466258,53.9,57.77,Simulado
VEH_089,2026-10-08T08:05:00,3.4655034,-76.5462314,16.3,57.75,Simulado
VEH_089,2026-10-08T08:06:00,3.4659633,-76.5467009,44.7,57.68,Simulado
VEH_089,2026-10-08T08:07:00,3.4654384,-76.5476016,20.5,57.64,Simulado
VEH_089,2026-10-08T08:08:00,3.4661181,-76.5482945,36.4,57.59,Simulado
VEH_089,2026-10-08T08:09:00,3.4659733,-76.5487054,24.8,57.55,Simulado
VEH_090,2026-10-08T08:00:00,3.4555121,-76.5296519,16.0,20.9,Simulado
VEH_090,2026-10-08T08:01:00,3.454676,-76.5289643,21.0,20.77,Simulado
VEH_090,2026-10-08T08:02:00,3.4544709,-76.5289861,22.0,20.64,Simulado
VEH_090,2026-10-08T08:03:00,3.4536532,-76.5288979,41.4,20.38,Simulado
VEH_090,2026-10-08T08:04:00,3.4544241,-76.5291591,15.2,20.29,Simulado
VEH_090,2026-10-08T08:05:00,3.4539507,-76.529229,29.5,20.11,Simulado
VEH_090,2026-10-08T08:06:00,3.4534879,-76.5301057,17.4,20.0,Simulado
VEH_090,2026-10-08T08:07:00,3.4538228,-76.5309343,46.4,19.72,Simulado
VEH_090,2026-10-08T08:08:00,3.4539057,-76.5299929,23.9,19.57,Simulado
VEH_090,2026-10-08T08:09:00,3.4540129,-76.5293113,37.4,19.34,Simulado
VEH_091,2026-10-08T08:00:00,3.4618859,-76.5344914,34.5,28.78,Simulado
VEH_091,2026-10-08T08:01:00,3.4618385,-76.5353335,53.5,28.44,Simulado
VEH_091,2026-10-08T08:02:00,3.4622671,-76.5353293,54.7,28.09,Simulado
VEH_091,2026-10-08T08:03:00,3.462868,-76.5349742,54.5,27.75,Simulado
VEH_091,2026-10-08T08:04:00,3.4621085,-76.5344598,39.1,27.5,Simulado
VEH_091,2026-10-08T08:05:00,3.4630773,-76.5335155,14.5,27.41,Simulado
VEH_091,2026-10-08T08:06:00,3.4623297,-76.5336687,49.5,27.09,Simulado
VEH_091,2026-10-08T08:07:00,3.4622004,-76.5326742,59.4,26.72,Simulado
VEH_091,2026-10-08T08:08:00,3.4628687,-76.5331584,39.5,26.47,Simulado
VEH_091,2026-10-08T08:09:00,3.463697,-76.5340244,55.1,26.12,Simulado
VEH_092,2026-10-08T08:00:00,3.4477954,-76.535163,22.9,35.98,Simulado
VEH_092,2026-10-08T08:01:00,3.4483685,-76.5349169,53.0,35.94,Simulado
VEH_092,2026-10-08T08:02:00,3.4482077,-76.535088,33.7,35.91,Simulado
VEH_092,2026-10-08T08:03:00,3.4483835,-76.5345713,13.2,35.9,Simulado
VEH_092,2026-10-08T08:04:00,3.4492334,-76.5344459,56.7,35.86,Simulado
VEH_092,2026-10-08T08:05:00,3.4488056,-76.5343746,10.6,35.85,Simulado
VEH_092,2026-10-08T08:06:00,3.4486274,-76.5346086,23.9,35.83,Simulado
VEH_092,2026-10-08T08:07:00,3.4488453,-76.5355336,31.7,35.8,Simulado
VEH_092,2026-10-08T08:08:00,3.448133,-76.5353163,20.1,35.79,Simulado
VEH_092,2026-10-08T08:09:00,3.4472106,-76.5345372,43.2,35.75,Simulado
VEH_093,2026-10-08T08:00:00,3.4473865,-76.5390786,46.0,50.73,Simulado
VEH_093,2026-10-08T08:01:00,3.4480213,-76.5394724,6.1,50.69,Simulado
VEH_093,2026-10-08T08:02:00,3.4480045,-76.5390801,20.4,50.57,Simulado
VEH_093,2026-10-08T08:03:00,3.4487423,-76.5398113,10.4,50.51,Simulado
VEH_093,2026-10-08T08:04:00,3.4486285,-76.5391597,58.6,50.16,Simulado
VEH_093,2026-10-08T08:05:00,3.4484621,-76.5388686,19.8,50.05,Simulado
VEH_093,2026-10-08T08:06:00,3.4478849,-76.5382206,15.3,49.96,Simulado
VEH_093,2026-10-08T08:07:00,3.4484038,-76.5374862,45.8,49.68,Simulado
VEH_093,2026-10-08T08:08:00,3.4484344,-76.5381683,50.2,49.39,Simulado
VEH_093,2026-10-08T08:09:00,3.448448,-76.538897,22.1,49.26,Simulado
VEH_094,2026-10-08T08:00:00,3.4615244,-76.5199542,6.6,75.99,Simulado
VEH_094,2026-10-08T08:01:00,3.4610234,-76.5200413,51.0,75.89,Simulado
VEH_094,2026-10-08T08:02:00,3.4614326,-76.5204933,55.5,75.79,Simulado
VEH_094,2026-10-08T08:03:00,3.4614429,-76.5202225,50.3,75.69,Simulado
VEH_094,2026-10-08T08:04:00,3.460504,-76.5204776,11.8,75.67,Simulado
VEH_094,2026-10-08T08:05:00,3.4598592,-76.5197366,37.7,75.6,Simulado
VEH_094,2026-10-08T08:06:00,3.4595587,-76.5204096,37.3,75.53,Simulado
VEH_094,2026-10-08T08:07:00,3.4600566,-76.5200319,54.2,75.43,Simulado
VEH_094,2026-10-08T08:08:00,3.4598298,-76.5207061,20.7,75.39,Simulado
VEH_094,2026-10-08T08:09:00,3.4607596,-76.5199918,36.5,75.33,Simulado
VEH_095,2026-10-08T08:00:00,3.4558404,-76.527629,19.8,97.98,Simulado
VEH_095,2026-10-08T08:01:00,3.4563756,-76.5286112,47.9,97.94,Simulado
VEH_095,2026-10-08T08:02:00,3.4566703,-76.528409,55.1,97.9,Simulado
VEH_095,2026-10-08T08:03:00,3.4561751,-76.5277988,5.5,97.89,Simulado
VEH_095,2026-10-08T08:04:00,3.4571091,-76.5275133,21.8,97.87,Simulado
VEH_095,2026-10-08T08:05:00,3.4568621,-76.5278159,28.3,97.85,Simulado
VEH_095,2026-10-08T08:06:00,3.4567955,-76.5274615,18.9,97.84,Simulado
VEH_095,2026-10-08T08:07:00,3.4565898,-76.5282569,50.3,97.79,Simulado
VEH_095,2026-10-08T08:08:00,3.4569145,-76.5275703,33.1,97.77,Simulado
VEH_095,2026-10-08T08:09:00,3.4572092,-76.5273522,25.6,97.74,Simulado
VEH_096,2026-10-08T08:00:00,3.446531,-76.5434757,8.5,89.95,Simulado
VEH_096,2026-10-08T08:01:00,3.4460533,-76.5430535,52.4,89.65,Simulado
VEH_096,2026-10-08T08:02:00,3.4456509,-76.5437536,54.1,89.34,Simulado
VEH_096,2026-10-08T08:03:00,3.4464502,-76.5431428,47.1,89.07,Simulado
VEH_096,2026-10-08T08:04:00,3.4466503,-76.5428217,49.1,88.79,Simulado
VEH_096,2026-10-08T08:05:00,3.4470929,-76.5425109,42.4,88.54,Simulado
VEH_096,2026-10-08T08:06:00,3.4466117,-76.5426738,59.9,88.2,Simulado
VEH_096,2026-10-08T08:07:00,3.4456824,-76.5422576,26.4,88.05,Simulado
VEH_096,2026-10-08T08:08:00,3.4450622,-76.5418045,36.5,87.84,Simulado
VEH_096,2026-10-08T08:09:00,3.4451315,-76.5412347,17.2,87.74,Simulado
VEH_097,2026-10-08T08:00:00,3.4644866,-76.5261627,32.9,36.81,Simulado
VEH_097,2026-10-08T08:01:00,3.4638489,-76.5269675,53.2,36.51,Simulado
VEH_097,2026-10-08T08:02:00,3.4633662,-76.5263508,12.0,36.44,Simulado
VEH_097,2026-10-08T08:03:00,3.4627323,-76.5259913,47.0,36.18,Simulado
VEH_097,2026-10-08T08:04:00,3.4619109,-76.5262808,23.5,36.04,Simulado
VEH_097,2026-10-08T08:05:00,3.4615251,-76.5257046,45.9,35.78,Simulado
VEH_097,2026-10-08T08:06:00,3.4610462,-76.5261165,23.2,35.65,Simulado
VEH_097,2026-10-08T08:07:00,3.4609873,-76.5253837,51.8,35.36,Simulado
VEH_097,2026-10-08T08:08:00,3.4618759,-76.5262413,37.1,35.15,Simulado
VEH_097,2026-10-08T08:09:00,3.4618769,-76.5255063,53.9,34.84,Simulado
VEH_098,2026-10-08T08:00:00,3.4487586,-76.5387746,8.0,89.96,Simulado
VEH_098,2026-10-08T08:01:00,3.4485769,-76.5386358,16.0,89.87,Simulado
VEH_098,2026-10-08T08:02:00,3.4484921,-76.539003,54.9,89.58,Simulado
VEH_098,2026-10-08T08:03:00,3.44905,-76.5390279,44.4,89.34,Simulado
VEH_098,2026-10-08T08:04:00,3.4484036,-76.5387589,39.7,89.12,Simulado
VEH_098,2026-10-08T08:05:00,3.4479507,-76.5382365,5.3,89.09,Simulado
VEH_098,2026-10-08T08:06:00,3.4484796,-76.5382573,14.3,89.02,Simulado
VEH_098,2026-10-08T08:07:00,3.4476557,-76.5380284,47.0,88.76,Simulado
VEH_098,2026-10-08T08:08:00,3.4474625,-76.5370977,39.8,88.55,Simulado
VEH_098,2026-10-08T08:09:00,3.446538,-76.5376989,26.1,88.41,Simulado
VEH_099,2026-10-08T08:00:00,3.4484595,-76.5471965,22.7,96.99,Simulado
VEH_099,2026-10-08T08:01:00,3.4487129,-76.5476989,42.2,96.97,Simulado
VEH_099,2026-10-08T08:02:00,3.4484016,-76.548441,43.1,96.95,Simulado
VEH_099,2026-10-08T08:03:00,3.4485789,-76.549107,26.1,96.93,Simulado
VEH_099,2026-10-08T08:04:00,3.4481753,-76.5495253,50.3,96.91,Simulado
VEH_099,2026-10-08T08:05:00,3.4483681,-76.5498497,45.0,96.89,Simulado
VEH_099,2026-10-08T08:06:00,3.449359,-76.5501642,53.8,96.86,Simulado
VEH_099,2026-10-08T08:07:00,3.4490775,-76.5507873,54.6,96.83,Simulado
VEH_099,2026-10-08T08:08:00,3.4499139,-76.5509806,57.1,96.8,Simulado
VEH_099,2026-10-08T08:09:00,3.4503683,-76.5517181,17.6,96.79,Simulado
VEH_100,2026-10-08T08:00:00,3.4583555,-76.5290081,14.3,45.99,Simulado
VEH_100,2026-10-08T08:01:00,3.4591086,-76.5294966,7.1,45.99,Simulado
VEH_100,2026-10-08T08:02:00,3.4582057,-76.5285072,34.4,45.96,Simulado
VEH_100,2026-10-08T08:03:00,3.4585129,-76.5294677,41.4,45.93,Simulado
VEH_100,2026-10-08T08:04:00,3.4583464,-76.5297072,42.9,45.9,Simulado
VEH_100,2026-10-08T08:05:00,3.4582952,-76.530401,35.1,45.88,Simulado
VEH_100,2026-10-08T08:06:00,3.4585558,-76.5307987,43.2,45.85,Simulado
VEH_100,2026-10-08T08:07:00,3.4588808,-76.5312588,41.4,45.82,Simulado
VEH_100,2026-10-08T08:08:00,3.4581551,-76.5305975,38.3,45.79,Simulado
VEH_100,2026-10-08T08:09:00,3.4585927,-76.531362,10.8,45.78,Simulado
