vehiculo_id,tipo_vehiculo,combustible_inicial,consumo_litros_km
BUS_001,bus,80,0.35
TAXI_001,taxi,65,0.09
MOTO_001,motocicleta,70,0.035
BUS_002,bus,55,0.35
TAXI_002,taxi,40,0.09
MOTO_002,motocicleta,30,0.035
VEH_001,bus,23,0.411
VEH_002,taxi,48,0.077
VEH_003,bus,89,0.313
VEH_004,automovil,24,0.061
VEH_005,taxi,49,0.095
VEH_006,bus,91,0.33
VEH_007,automovil,48,0.082
VEH_008,motocicleta,20,0.044
VEH_009,taxi,74,0.087
VEH_010,taxi,47,0.118
VEH_011,motocicleta,33,0.027
VEH_012,bus,65,0.427
VEH_013,motocicleta,25,0.043
VEH_014,bus,68,0.312
VEH_015,motocicleta,100,0.04
VEH_016,motocicleta,93,0.03
VEH_017,bus,25,0.399
VEH_018,motocicleta,30,0.046
VEH_019,bus,68,0.342
VEH_020,motocicleta,40,0.034
VEH_021,taxi,54,0.105
VEH_022,bus,97,0.395
VEH_023,taxi,40,0.093
VEH_024,motocicleta,91,0.03
VEH_025,motocicleta,27,0.031
VEH_026,bus,60,0.36
VEH_027,bus,47,0.437
VEH_028,motocicleta,47,0.041
VEH_029,automovil,78,0.067
VEH_030,taxi,51,0.107
VEH_031,motocicleta,94,0.036
VEH_032,automovil,66,0.071
VEH_033,taxi,85,0.095
VEH_034,bus,34,0.323
VEH_035,taxi,74,0.1
VEH_036,automovil,68,0.09
VEH_037,automovil,87,0.073
VEH_038,bus,34,0.402
VEH_039,motocicleta,63,0.028
VEH_040,automovil,40,0.083
VEH_041,motocicleta,84,0.044
VEH_042,bus,100,0.345
VEH_043,taxi,39,0.089
VEH_044,taxi,89,0.118
VEH_045,bus,96,0.349
VEH_046,bus,34,0.439
VEH_047,motocicleta,50,0.026
VEH_048,bus,30,0.41
VEH_049,bus,88,0.415
VEH_050,taxi,80,0.117
VEH_051,taxi,53,0.096
VEH_052,automovil,47,0.106
VEH_053,taxi,59,0.09
VEH_054,motocicleta,76,0.047
VEH_055,automovil,35,0.072
VEH_056,bus,63,0.303
VEH_057,taxi,95,0.081
VEH_058,bus,100,0.309
VEH_059,bus,24,0.429
VEH_060,bus,85,0.336
VEH_061,automovil,47,0.087
VEH_062,automovil,51,0.099
VEH_063,automovil,44,0.065
VEH_064,automovil,65,0.081
VEH_065,automovil,26,0.094
VEH_066,bus,27,0.36
VEH_067,motocicleta,33,0.031
VEH_068,taxi,88,0.092
VEH_069,automovil,43,0.074
VEH_070,taxi,29,0.092
VEH_071,bus,26,0.398
VEH_072,bus,31,0.439
VEH_073,taxi,41,0.09
VEH_074,automovil,47,0.103
VEH_075,bus,41,0.357
VEH_076,automovil,53,0.106
VEH_077,automovil,56,0.081
VEH_078,automovil,39,0.069
VEH_079,taxi,27,0.099
VEH_080,bus,60,0.309
VEH_081,automovil,84,0.106
VEH_082,taxi,27,0.118
VEH_083,bus,43,0.31
VEH_084,bus,50,0.361
VEH_085,taxi,94,0.1
VEH_086,bus,73,0.399
VEH_087,motocicleta,53,0.03
VEH_088,motocicleta,50,0.032
VEH_089,taxi,58,0.093
VEH_090,bus,21,0.369
VEH_091,bus,29,0.381
VEH_092,motocicleta,36,0.048
VEH_093,bus,51,0.355
VEH_094,taxi,76,0.112
VEH_095,motocicleta,98,0.05
VEH_096,bus,90,0.345
VEH_097,bus,37,0.34
VEH_098,bus,90,0.323
VEH_099,motocicleta,97,0.03
VEH_100,motocicleta,46,0.042
